cell_name,0,1,2,3,4,5,6,7,8,9,10,11,12,13,14,15,16,17,18,19,20,21,22,23,24,25,26,27,28,29,30,31,32,33,34,35,36,37,38,39,40,41,42,43,44,45,46,47
colony-21229,0,5,5,-1,-1,-1,8,0,0,0,0,0,1,0,6,0,2,8,8,8,6,8,3,8,3,0,1,0,0,1,8,0,0,0,8,5,7,4,3,4,0,2,3,2,8,0,0,0
colony-21230,4,0,5,-1,-1,-1,0,0,0,-1,-1,-1,1,7,8,0,8,8,8,8,6,8,3,8,3,8,1,0,0,1,-1,-1,-1,0,8,5,7,4,5,4,0,2,3,2,8,0,0,0
colony-21240,8,0,5,-1,-1,-1,8,0,0,-1,-1,-1,1,4,5,-1,-1,-1,8,8,6,8,3,8,-1,-1,-1,-1,-1,-1,-1,-1,-1,0,4,5,7,4,3,4,0,8,3,2,8,0,0,0
colony-21241,4,0,5,-1,-1,-1,8,0,0,8,0,0,0,5,5,0,2,8,0,0,6,8,3,1,2,8,1,8,0,1,-1,-1,-1,0,0,1,7,0,5,4,4,3,8,8,8,8,0,0
colony-21243,-1,-1,-1,5,0,5,8,3,0,8,8,0,5,8,5,0,2,8,-1,-1,-1,8,3,0,-1,-1,-1,0,2,1,8,3,8,4,0,1,7,8,1,4,0,3,0,8,8,8,8,0
colony-21244,4,4,5,-1,-1,-1,8,0,0,8,0,8,-1,-1,-1,8,7,1,0,0,6,8,3,1,0,8,1,8,0,1,8,8,8,8,0,1,7,6,5,4,4,3,8,8,8,8,0,0
colony-21247,4,0,5,-1,-1,-1,8,3,0,8,7,0,5,8,5,0,2,8,0,4,6,8,3,8,0,0,1,0,2,1,8,3,8,4,0,1,7,8,1,4,0,5,0,8,8,8,8,0
colony-21248,4,0,5,5,0,5,-1,-1,-1,8,4,0,7,0,0,0,2,1,0,8,6,8,3,1,-1,-1,-1,0,0,1,-1,-1,-1,0,0,1,7,1,1,4,5,5,-1,-1,-1,8,8,0
colony-21249,4,8,5,-1,-1,-1,0,0,0,0,3,8,3,1,5,0,2,8,8,8,6,8,3,0,-1,-1,-1,-1,-1,-1,8,4,1,0,0,5,7,4,8,4,8,2,3,2,8,0,0,0
colony-21250,4,0,5,5,0,5,8,0,5,8,0,0,8,0,8,0,2,8,0,5,6,8,3,0,0,0,1,0,0,1,8,4,8,-1,-1,-1,7,7,0,4,0,3,4,0,8,8,0,0
colony-21253,0,0,5,5,0,5,8,5,5,-1,-1,-1,1,3,8,2,2,1,8,8,6,8,3,8,3,0,1,0,4,1,8,3,8,0,0,1,7,4,0,4,6,2,3,2,8,0,0,0
colony-21255,4,0,5,-1,-1,-1,8,0,0,-1,-1,-1,8,0,2,0,2,8,0,0,6,8,3,0,3,5,1,3,0,1,8,4,8,-1,-1,-1,-1,-1,-1,4,4,3,4,0,8,8,0,0
colony-21256,-1,-1,-1,5,0,5,8,3,8,8,0,0,0,0,1,0,2,8,1,4,6,8,3,0,5,5,1,0,2,1,8,3,8,4,0,1,-1,-1,-1,4,0,0,7,8,0,-1,-1,-1
colony-21257,4,4,5,-1,-1,-1,-1,-1,-1,8,0,5,0,2,0,-1,-1,-1,0,0,6,8,3,2,0,0,1,3,8,1,-1,-1,-1,-1,-1,-1,7,7,1,4,8,5,6,0,8,8,8,0
colony-21258,4,0,5,-1,-1,-1,8,3,8,-1,-1,-1,7,0,0,0,2,8,0,0,6,8,3,0,-1,-1,-1,0,0,1,8,3,8,0,0,1,7,0,1,-1,-1,-1,2,4,8,8,8,0
colony-21259,-1,-1,-1,-1,-1,-1,8,5,0,1,5,0,1,3,8,-1,-1,-1,8,8,6,-1,-1,-1,3,0,1,0,0,1,8,3,0,-1,-1,-1,7,4,0,4,7,2,3,2,8,0,0,0
colony-21260,-1,-1,-1,-1,-1,-1,8,3,8,8,4,0,7,0,0,-1,-1,-1,0,0,6,8,3,0,-1,-1,-1,0,0,1,8,3,8,0,0,1,7,0,1,4,0,5,2,4,8,8,8,0
colony-21261,4,0,5,-1,-1,-1,8,3,8,8,4,0,7,0,0,2,2,1,0,8,6,-1,-1,-1,0,0,1,0,0,1,-1,-1,-1,0,0,1,7,1,1,4,5,5,-1,-1,-1,8,8,0
colony-21262,8,8,5,-1,-1,-1,8,0,0,0,0,0,1,0,5,0,2,8,8,8,6,8,3,8,3,0,1,0,0,1,8,0,0,0,4,5,7,4,3,4,0,2,3,2,8,0,0,0
colony-21263,4,0,5,-1,-1,-1,8,3,0,-1,-1,-1,5,8,5,0,2,8,7,4,6,-1,-1,-1,0,0,1,0,2,1,8,3,8,4,0,1,7,8,1,4,0,0,-1,-1,-1,8,8,0
colony-21265,0,0,5,5,2,5,8,5,0,-1,-1,-1,1,3,8,-1,-1,-1,8,8,6,8,3,8,-1,-1,-1,0,0,1,8,3,0,3,0,5,-1,-1,-1,-1,-1,-1,3,2,8,-1,-1,-1
colony-21266,0,0,5,-1,-1,-1,8,5,0,-1,-1,-1,1,3,8,0,2,8,-1,-1,-1,8,3,8,3,0,1,0,0,1,8,3,1,-1,-1,-1,-1,-1,-1,-1,-1,-1,3,2,8,0,0,0
colony-21267,4,3,5,5,0,5,0,0,3,-1,-1,-1,0,4,3,-1,-1,-1,8,8,6,8,3,0,-1,-1,-1,-1,-1,-1,-1,-1,-1,0,0,5,7,4,1,4,8,2,3,2,8,0,0,0
colony-21268,4,0,5,5,0,5,8,3,8,8,0,0,0,0,1,8,4,0,-1,-1,-1,8,3,8,5,5,1,0,2,1,-1,-1,-1,4,0,1,7,8,1,-1,-1,-1,0,8,8,-1,-1,-1
colony-21269,4,0,5,-1,-1,-1,8,0,0,8,0,0,0,5,5,0,2,8,0,0,6,8,3,1,0,8,1,8,0,1,8,8,8,0,0,1,7,0,5,4,4,3,8,8,8,8,0,0
colony-21270,4,3,5,5,0,5,0,0,3,8,4,8,-1,-1,-1,0,2,8,8,8,6,-1,-1,-1,3,0,1,5,7,1,8,0,0,0,0,5,-1,-1,-1,-1,-1,-1,3,2,8,0,0,0
colony-21271,4,0,5,5,4,5,8,3,8,8,4,0,7,0,0,0,2,8,0,0,6,8,3,0,-1,-1,-1,0,0,1,8,3,8,-1,-1,-1,7,0,1,4,0,5,2,4,8,8,8,0
colony-21272,0,0,5,-1,-1,-1,8,5,0,-1,-1,-1,1,3,8,0,2,8,-1,-1,-1,-1,-1,-1,-1,-1,-1,-1,-1,-1,8,3,1,0,0,5,7,4,0,4,7,2,3,2,8,0,0,0
colony-21274,8,0,5,5,0,5,8,0,0,0,0,0,1,0,0,0,2,8,8,8,6,8,3,8,-1,-1,-1,2,8,1,8,0,0,3,0,1,7,4,3,4,3,2,3,2,8,0,0,0
colony-21275,0,0,5,-1,-1,-1,8,5,0,0,5,7,1,3,8,8,8,6,8,8,6,8,3,8,3,0,1,0,0,1,8,3,1,0,0,5,7,4,0,4,7,2,3,2,8,0,0,0
colony-21276,-1,-1,-1,-1,-1,-1,8,0,0,0,0,0,1,5,0,0,2,8,8,8,6,8,3,8,3,0,1,2,0,1,8,5,6,0,4,5,-1,-1,-1,4,3,2,3,2,8,0,0,0
colony-21277,4,0,5,-1,-1,-1,8,0,5,8,0,0,8,0,8,0,2,8,0,0,6,8,3,0,0,0,1,0,0,1,8,4,8,0,0,1,7,7,0,4,0,3,4,0,8,8,0,0
colony-21280,4,0,5,5,0,5,8,3,0,8,0,8,-1,-1,-1,-1,-1,-1,0,0,6,-1,-1,-1,0,1,1,-1,-1,-1,8,3,8,0,0,1,7,0,1,4,0,8,0,0,8,8,8,0
colony-21281,1,8,5,5,8,5,8,0,0,3,5,0,1,0,6,3,2,8,8,8,6,8,3,8,-1,-1,-1,0,0,1,-1,-1,-1,-1,-1,-1,7,4,3,4,0,2,3,2,8,0,0,0
colony-21283,4,0,5,-1,-1,-1,8,3,0,-1,-1,-1,1,5,6,0,2,8,0,0,6,-1,-1,-1,-1,-1,-1,0,2,1,-1,-1,-1,0,0,1,7,0,1,4,0,0,0,0,8,8,8,0
colony-21284,0,0,1,5,8,8,0,0,0,-1,-1,-1,0,7,5,8,8,1,0,3,1,-1,-1,-1,0,0,0,0,0,0,8,0,0,0,0,0,-1,-1,-1,-1,-1,-1,-1,-1,-1,0,5,0
colony-21285,0,0,1,-1,-1,-1,0,0,0,0,0,0,0,7,5,2,5,3,0,3,1,8,4,5,3,2,1,0,0,0,8,0,0,0,0,5,7,7,1,0,7,1,1,5,8,0,5,0
colony-21286,4,0,5,5,0,5,8,0,0,-1,-1,-1,8,0,6,0,2,8,0,7,6,8,3,0,-1,-1,-1,0,0,1,8,4,8,-1,-1,-1,7,4,8,-1,-1,-1,4,0,8,8,0,0
colony-21287,8,5,0,5,0,5,0,0,0,0,3,0,8,4,5,2,8,3,5,5,1,1,2,0,0,8,5,4,0,5,8,8,5,-1,-1,-1,7,5,2,6,6,8,1,5,8,0,5,0
colony-21288,4,0,5,5,8,5,0,0,0,0,0,8,1,0,8,-1,-1,-1,8,8,6,8,3,1,-1,-1,-1,0,3,1,-1,-1,-1,-1,-1,-1,7,4,0,4,0,2,3,2,8,0,0,0
colony-21289,-1,-1,-1,-1,-1,-1,8,3,0,8,4,0,0,5,6,0,2,8,0,0,6,8,3,0,0,0,1,0,2,1,8,3,8,0,0,1,7,0,1,4,0,0,0,0,8,8,8,0
colony-21290,4,0,5,5,8,5,4,0,0,4,1,1,1,0,8,0,2,8,8,8,6,8,3,8,3,8,1,2,8,1,-1,-1,-1,0,8,5,7,4,0,4,0,2,3,3,1,0,0,0
colony-21291,4,0,5,-1,-1,-1,0,0,3,-1,-1,-1,5,0,8,-1,-1,-1,8,8,6,8,3,0,3,8,1,5,7,1,-1,-1,-1,8,0,5,7,4,8,4,0,2,3,2,8,0,0,0
colony-21293,4,0,5,5,5,5,8,3,0,8,4,0,0,5,6,0,2,8,0,0,6,-1,-1,-1,0,0,1,-1,-1,-1,8,3,8,-1,-1,-1,7,0,1,4,0,0,0,0,8,-1,-1,-1
colony-21294,4,0,5,-1,-1,-1,0,5,7,4,8,0,0,0,0,-1,-1,-1,8,8,6,8,3,0,3,0,1,-1,-1,-1,-1,-1,-1,0,0,5,-1,-1,-1,4,0,2,3,2,8,0,2,0
colony-21295,4,0,5,-1,-1,-1,-1,-1,-1,8,4,0,4,5,6,7,7,6,0,0,6,8,3,0,-1,-1,-1,0,2,1,8,3,8,0,0,1,7,0,1,4,0,0,0,0,8,8,8,0
colony-21299,8,5,0,-1,-1,-1,6,0,0,7,3,0,1,6,5,-1,-1,-1,7,5,0,1,0,0,7,8,5,4,4,5,8,0,5,0,0,1,-1,-1,-1,7,3,8,1,5,8,0,5,0
colony-21301,-1,-1,-1,5,4,5,3,4,6,0,2,0,0,0,8,-1,-1,-1,8,8,6,8,3,5,3,2,1,3,7,1,8,5,7,0,6,5,7,4,0,-1,-1,-1,1,2,8,0,0,1
colony-21302,-1,-1,-1,-1,-1,-1,0,8,3,5,8,8,1,2,8,-1,-1,-1,8,8,6,8,3,0,3,0,1,5,7,1,-1,-1,-1,5,0,5,7,4,8,4,0,2,3,2,8,0,0,0
colony-21303,4,0,5,-1,-1,-1,0,0,3,-1,-1,-1,5,8,0,0,2,8,-1,-1,-1,8,3,0,3,8,1,5,7,1,-1,-1,-1,0,0,5,7,4,8,4,0,2,3,2,8,0,0,0
colony-21304,0,0,1,-1,-1,-1,-1,-1,-1,-1,-1,-1,0,7,5,2,0,3,0,3,1,0,0,5,-1,-1,-1,-1,-1,-1,8,0,0,0,0,0,7,7,1,0,7,1,8,2,8,0,5,0
colony-21305,4,0,5,-1,-1,-1,0,0,3,5,8,5,0,0,2,-1,-1,-1,8,8,6,8,3,0,3,0,1,5,7,1,8,7,0,-1,-1,-1,7,4,8,4,0,2,3,2,8,0,0,0
colony-21309,8,2,5,5,0,5,-1,-1,-1,0,0,0,2,1,5,1,2,8,8,8,6,8,3,0,-1,-1,-1,0,0,1,-1,-1,-1,5,0,2,-1,-1,-1,4,8,2,8,2,8,0,0,0
colony-21311,8,0,5,-1,-1,-1,-1,-1,-1,0,2,6,3,3,8,0,2,8,8,8,6,8,3,5,3,4,1,-1,-1,-1,8,0,0,0,0,5,7,4,6,-1,-1,-1,1,2,8,-1,-1,-1
colony-21312,8,0,5,5,4,5,3,4,6,0,2,0,0,0,8,-1,-1,-1,8,8,6,-1,-1,-1,3,4,1,3,7,1,8,5,0,0,6,5,7,4,0,4,3,2,1,2,8,0,0,0
colony-21322,4,8,5,-1,-1,-1,8,0,0,-1,-1,-1,0,0,0,0,2,8,-1,-1,-1,8,3,0,0,0,1,0,0,0,-1,-1,-1,0,0,1,7,0,0,4,8,8,-1,-1,-1,-1,-1,-1
colony-21325,8,0,5,-1,-1,-1,0,4,0,3,0,8,7,4,8,0,2,8,8,8,6,8,3,3,3,4,1,3,7,1,-1,-1,-1,0,0,5,7,4,8,4,5,2,1,2,8,8,2,0
colony-21328,-1,-1,-1,5,4,5,8,3,8,8,0,0,7,7,0,-1,-1,-1,3,5,6,8,3,0,0,0,1,8,0,1,-1,-1,-1,0,0,1,7,0,1,4,5,5,2,6,8,-1,-1,-1
colony-21329,4,0,5,-1,-1,-1,8,0,0,8,0,0,0,0,0,0,2,8,0,0,6,8,3,0,0,0,1,0,0,1,-1,-1,-1,0,0,1,7,2,4,4,8,8,0,5,8,8,0,0
colony-21332,0,0,1,5,2,0,1,0,0,6,0,8,5,4,5,2,0,3,0,3,1,-1,-1,-1,-1,-1,-1,0,0,1,8,0,8,-1,-1,-1,7,7,0,0,7,1,1,5,8,0,5,0
colony-21333,4,8,5,-1,-1,-1,8,1,0,0,0,8,0,1,4,-1,-1,-1,-1,-1,-1,8,3,5,3,7,1,0,7,1,-1,-1,-1,0,0,5,7,4,8,-1,-1,-1,3,2,8,0,0,0
colony-21335,4,8,5,5,0,5,8,0,0,0,0,8,0,1,5,-1,-1,-1,8,8,6,8,3,0,-1,-1,-1,-1,-1,-1,8,0,0,-1,-1,-1,7,4,8,4,0,2,3,2,8,0,0,0
colony-21336,4,0,5,5,4,5,8,3,8,8,4,0,7,0,0,-1,-1,-1,0,0,6,8,3,0,0,0,1,0,0,1,-1,-1,-1,-1,-1,-1,-1,-1,-1,4,0,5,2,0,8,8,8,0
colony-21338,4,0,5,5,0,5,-1,-1,-1,-1,-1,-1,-1,-1,-1,0,2,8,6,0,6,-1,-1,-1,-1,-1,-1,0,8,1,-1,-1,-1,0,0,1,7,7,1,4,8,5,6,8,8,8,8,0
colony-21339,4,0,5,5,4,5,8,3,8,8,4,0,7,0,0,0,2,8,0,0,6,8,3,0,0,0,1,0,0,1,-1,-1,-1,-1,-1,-1,7,0,1,4,0,5,2,0,8,8,8,0
colony-21340,4,8,5,-1,-1,-1,0,0,2,0,0,8,0,1,5,-1,-1,-1,8,8,6,8,3,1,3,7,1,0,7,1,8,0,0,0,0,5,7,4,8,4,0,2,3,2,8,0,0,0
colony-21341,4,0,5,5,0,5,8,0,0,8,0,2,8,0,1,8,7,0,5,0,6,8,3,0,7,0,1,1,8,1,-1,-1,-1,0,0,1,7,0,0,-1,-1,-1,0,0,8,8,0,0
colony-21344,4,0,5,5,0,5,8,0,0,8,0,0,0,2,0,0,2,8,0,0,6,8,3,0,-1,-1,-1,0,0,1,-1,-1,-1,-1,-1,-1,7,7,8,4,0,8,0,0,8,8,2,0
colony-21345,4,0,5,-1,-1,-1,8,3,8,8,4,0,7,0,0,0,2,8,0,0,6,8,3,0,0,0,1,-1,-1,-1,-1,-1,-1,-1,-1,-1,7,0,1,-1,-1,-1,2,0,8,8,8,0
colony-21347,7,7,1,5,0,0,0,0,0,6,0,0,-1,-1,-1,2,0,3,0,3,1,0,0,0,0,0,3,0,0,1,-1,-1,-1,-1,-1,-1,7,7,0,0,7,1,1,5,8,0,5,0
colony-21348,4,5,5,5,0,5,8,0,0,8,0,2,-1,-1,-1,0,2,8,0,0,6,8,3,0,8,0,1,5,8,1,8,4,8,0,0,1,7,0,0,4,0,3,0,0,8,8,0,0
colony-21349,0,0,1,5,2,0,0,2,0,1,0,2,0,0,5,2,0,6,0,0,1,0,0,5,-1,-1,-1,0,0,0,-1,-1,-1,0,0,0,7,0,6,0,0,1,1,5,8,0,5,0
colony-21350,8,7,5,5,0,5,0,4,0,3,1,8,7,4,8,4,2,8,-1,-1,-1,8,3,3,3,4,1,3,7,1,-1,-1,-1,0,7,5,7,4,0,4,0,2,1,2,8,0,0,0
colony-21352,-1,-1,-1,5,2,5,8,3,8,8,4,0,7,0,0,7,7,6,0,0,6,8,3,0,-1,-1,-1,0,0,1,8,3,8,0,0,1,7,0,1,-1,-1,-1,2,0,8,8,8,0
colony-21353,0,0,5,5,0,5,0,0,0,0,0,0,1,4,8,0,2,8,8,8,6,8,3,5,-1,-1,-1,3,7,1,8,0,0,-1,-1,-1,7,4,3,4,7,2,2,2,8,0,0,0
colony-21354,8,2,5,5,3,5,0,4,0,3,0,1,0,0,8,0,2,8,2,8,6,8,3,3,3,4,1,3,7,1,8,0,5,-1,-1,-1,7,4,8,4,0,2,8,2,8,0,0,0
colony-21356,4,3,5,5,0,5,8,0,0,8,8,0,8,8,1,-1,-1,-1,0,0,6,8,3,0,1,0,1,0,0,1,-1,-1,-1,-1,-1,-1,7,0,0,-1,-1,-1,0,0,8,8,2,0
colony-21357,4,0,5,-1,-1,-1,8,3,8,8,0,0,7,0,0,0,2,8,3,5,6,8,3,0,-1,-1,-1,8,4,1,-1,-1,-1,0,0,1,7,0,1,4,5,5,2,6,8,8,8,0
colony-21358,8,5,0,5,0,5,8,3,8,8,0,5,2,0,0,0,2,8,0,8,6,-1,-1,-1,0,0,1,-1,-1,-1,8,3,0,0,0,1,-1,-1,-1,4,8,5,6,0,8,5,5,0
colony-21359,0,0,1,-1,-1,-1,2,0,0,7,0,0,0,4,5,2,0,3,-1,-1,-1,0,0,0,-1,-1,-1,0,0,0,-1,-1,-1,-1,-1,-1,7,7,8,5,7,1,1,5,8,-1,-1,-1
colony-21360,4,8,5,5,0,5,3,0,0,0,0,8,3,1,5,-1,-1,-1,-1,-1,-1,8,3,0,3,6,1,5,7,1,8,4,1,0,0,5,7,4,8,4,0,2,3,2,8,-1,-1,-1
colony-21361,4,0,5,5,2,5,-1,-1,-1,8,4,0,7,0,0,0,2,8,0,0,6,8,3,0,-1,-1,-1,0,0,1,-1,-1,-1,0,0,1,7,0,1,4,0,5,2,0,8,8,8,0
colony-21362,8,0,5,5,0,5,0,4,0,3,0,0,1,0,8,0,2,8,8,8,6,8,3,0,-1,-1,-1,-1,-1,-1,8,2,1,-1,-1,-1,7,4,0,4,0,2,0,2,8,0,0,0
colony-21363,4,0,5,-1,-1,-1,8,3,8,8,4,0,7,0,0,0,2,8,1,0,6,8,3,0,0,0,1,0,0,1,-1,-1,-1,0,0,1,-1,-1,-1,-1,-1,-1,2,0,8,-1,-1,-1
colony-21364,4,0,5,-1,-1,-1,8,0,0,8,0,8,0,0,0,0,2,8,-1,-1,-1,-1,-1,-1,-1,-1,-1,0,0,1,8,7,8,0,0,1,7,0,0,4,8,8,5,5,8,8,0,0
colony-21366,-1,-1,-1,5,0,5,-1,-1,-1,1,0,8,3,1,5,-1,-1,-1,8,8,6,8,3,8,-1,-1,-1,0,7,1,8,4,0,0,0,5,7,4,8,4,0,2,3,2,8,0,0,0
colony-21367,3,0,1,5,0,0,0,0,0,7,0,8,0,4,5,2,0,3,0,3,1,0,0,0,2,4,3,0,0,0,8,0,8,0,0,0,7,6,3,5,7,1,1,5,8,0,5,0
colony-21369,-1,-1,-1,-1,-1,-1,8,0,0,8,0,0,0,0,5,0,2,8,0,0,6,8,3,0,0,0,1,0,0,1,-1,-1,-1,-1,-1,-1,7,0,0,4,8,8,5,5,8,8,0,0
colony-21370,0,0,1,5,0,5,-1,-1,-1,7,0,0,-1,-1,-1,-1,-1,-1,3,3,1,0,0,0,2,4,3,-1,-1,-1,-1,-1,-1,0,4,0,7,7,0,5,7,1,1,5,8,0,5,0
colony-21371,4,0,5,5,0,5,8,0,0,8,0,8,0,0,5,-1,-1,-1,-1,-1,-1,-1,-1,-1,0,0,1,8,0,1,-1,-1,-1,-1,-1,-1,7,0,0,4,8,8,-1,-1,-1,8,0,0
colony-21372,4,0,5,5,0,5,8,0,0,8,0,6,0,2,0,0,2,8,0,0,6,8,3,0,1,0,1,0,0,1,-1,-1,-1,0,0,1,7,7,0,4,0,8,0,0,8,8,2,0
colony-21373,4,0,5,-1,-1,-1,8,0,8,8,0,0,0,0,0,-1,-1,-1,0,0,6,8,3,7,0,0,1,0,0,1,-1,-1,-1,0,0,1,7,0,0,4,8,8,0,0,4,8,0,0
colony-21375,8,2,5,5,8,5,0,4,0,-1,-1,-1,0,1,8,0,2,8,8,8,6,8,3,3,-1,-1,-1,-1,-1,-1,-1,-1,-1,0,7,5,-1,-1,-1,4,1,2,8,2,8,0,0,0
colony-21376,4,0,5,-1,-1,-1,8,3,8,8,1,3,7,8,5,5,2,8,0,0,6,-1,-1,-1,-1,-1,-1,0,4,1,8,3,8,0,0,5,7,0,1,4,5,5,2,6,8,8,8,0
colony-21377,-1,-1,-1,-1,-1,-1,8,3,8,8,1,3,7,8,5,5,2,8,0,0,6,8,3,0,-1,-1,-1,0,7,1,-1,-1,-1,0,0,1,7,0,1,4,5,5,2,6,8,8,8,0
colony-21378,0,0,1,-1,-1,-1,0,0,0,6,0,0,5,4,5,2,0,3,0,3,1,0,0,1,-1,-1,-1,0,6,1,-1,-1,-1,-1,-1,-1,7,7,0,0,7,1,1,5,8,0,5,0
colony-21379,8,0,5,-1,-1,-1,0,4,0,3,0,0,1,0,8,-1,-1,-1,8,8,6,8,3,0,3,4,1,3,7,1,8,2,1,-1,-1,-1,7,4,0,4,0,2,0,2,8,-1,-1,-1
colony-21380,-1,-1,-1,5,8,8,0,0,0,0,0,0,0,7,5,2,0,3,0,3,1,0,0,5,-1,-1,-1,2,0,0,8,0,0,0,0,0,7,7,1,0,7,1,1,5,8,0,5,0
colony-21381,0,0,5,5,0,5,0,0,0,-1,-1,-1,-1,-1,-1,-1,-1,-1,8,8,6,8,3,5,3,4,1,3,7,1,8,0,0,-1,-1,-1,7,4,3,4,7,2,-1,-1,-1,8,0,0
colony-21382,4,0,5,-1,-1,-1,8,3,8,8,4,0,-1,-1,-1,0,2,8,0,0,6,8,3,6,-1,-1,-1,0,0,1,-1,-1,-1,0,0,1,7,0,1,4,0,5,2,0,8,8,3,0
colony-21384,4,0,5,5,2,5,8,3,8,8,4,0,7,0,8,-1,-1,-1,1,0,6,8,3,0,0,0,1,1,0,1,8,3,8,0,0,1,7,0,1,4,0,5,2,0,8,8,8,0
colony-21387,1,0,5,5,0,5,8,0,0,0,0,0,1,0,6,0,2,8,8,8,6,8,3,8,3,0,1,0,4,1,8,0,0,1,4,5,7,4,3,4,0,2,3,2,8,0,0,0
colony-21388,8,2,5,-1,-1,-1,0,4,0,3,0,0,0,7,8,-1,-1,-1,-1,-1,-1,-1,-1,-1,3,4,1,3,7,1,-1,-1,-1,0,6,5,7,4,8,4,1,2,8,2,8,0,0,0
colony-21392,0,0,5,5,0,5,0,4,0,0,0,0,1,4,8,0,2,8,8,8,6,-1,-1,-1,3,4,1,3,7,1,8,0,0,0,0,0,7,4,3,4,7,2,2,2,8,8,0,0
colony-21394,3,2,5,-1,-1,-1,0,0,0,-1,-1,-1,0,8,8,0,2,8,8,8,6,8,3,5,3,4,1,3,7,1,-1,-1,-1,-1,-1,-1,-1,-1,-1,4,7,2,0,2,8,-1,-1,-1
colony-21395,4,0,5,5,0,5,8,0,0,8,0,6,0,2,0,-1,-1,-1,0,0,6,8,3,0,-1,-1,-1,0,4,1,8,7,8,0,0,1,-1,-1,-1,4,0,8,0,0,8,8,2,0
colony-21396,-1,-1,-1,-1,-1,-1,8,0,0,8,0,0,8,0,5,0,2,1,-1,-1,-1,8,3,0,8,0,1,3,0,1,-1,-1,-1,-1,-1,-1,7,4,0,4,0,3,4,0,8,8,0,0
colony-21397,4,0,5,-1,-1,-1,8,0,0,8,0,0,0,5,5,-1,-1,-1,0,0,6,8,3,1,0,8,1,8,0,1,8,8,8,0,8,1,7,0,5,4,4,3,8,8,8,8,0,0
colony-21398,4,0,5,-1,-1,-1,8,0,0,8,0,6,0,2,0,-1,-1,-1,0,0,6,8,3,0,1,0,8,0,0,1,8,7,8,-1,-1,-1,7,7,0,4,0,8,0,0,8,8,2,0
colony-21399,4,8,5,5,2,5,8,3,8,8,4,0,7,0,0,-1,-1,-1,-1,-1,-1,-1,-1,-1,-1,-1,-1,0,0,1,8,3,8,8,0,1,7,0,1,4,0,5,-1,-1,-1,8,8,0
colony-21400,4,0,5,-1,-1,-1,-1,-1,-1,8,4,0,-1,-1,-1,0,2,8,-1,-1,-1,8,3,8,0,0,1,0,0,1,8,3,8,0,0,1,0,0,6,4,0,5,2,7,8,8,0,0
colony-21401,4,0,5,-1,-1,-1,8,0,1,8,0,0,0,0,2,5,2,8,0,2,6,8,3,0,0,0,1,0,0,1,8,7,8,-1,-1,-1,7,0,0,4,8,8,5,5,8,8,5,0
colony-21402,4,2,5,-1,-1,-1,8,0,0,8,0,0,1,5,3,0,2,8,0,0,6,-1,-1,-1,0,0,1,0,0,1,8,7,8,-1,-1,-1,7,0,4,4,0,8,0,0,8,8,0,0
colony-21403,4,0,5,-1,-1,-1,8,3,8,8,4,0,7,0,0,-1,-1,-1,-1,-1,-1,8,3,0,0,0,1,0,0,1,-1,-1,-1,0,0,1,7,0,1,4,0,5,2,7,8,-1,-1,-1
colony-21404,4,3,5,5,0,5,-1,-1,-1,0,2,0,1,0,8,0,2,8,-1,-1,-1,-1,-1,-1,3,8,1,0,0,1,8,0,1,6,8,1,7,4,1,4,0,2,3,2,8,0,0,0
colony-21406,4,0,5,5,0,5,8,0,0,8,0,6,0,2,0,-1,-1,-1,0,0,6,8,3,0,1,0,1,0,0,1,-1,-1,-1,-1,-1,-1,-1,-1,-1,4,5,8,0,0,8,-1,-1,-1
colony-21408,-1,-1,-1,5,8,5,0,4,0,3,0,5,0,0,8,-1,-1,-1,8,8,6,-1,-1,-1,3,4,1,3,7,1,8,0,5,-1,-1,-1,7,4,0,4,0,2,8,2,8,0,0,0
colony-21410,0,0,1,-1,-1,-1,0,0,0,7,0,1,0,4,5,-1,-1,-1,0,3,1,0,0,0,-1,-1,-1,0,5,1,-1,-1,-1,0,4,0,7,0,0,-1,-1,-1,1,5,8,-1,-1,-1
colony-21412,4,0,5,5,0,5,8,0,0,8,0,0,0,0,0,0,2,8,0,8,6,8,3,0,0,0,1,0,0,1,8,7,8,-1,-1,-1,7,0,0,4,8,5,5,5,8,8,8,0
colony-21414,0,0,5,5,0,5,0,0,0,0,8,8,1,4,8,0,2,8,8,8,6,-1,-1,-1,-1,-1,-1,3,7,1,8,0,0,0,5,0,7,4,3,4,7,2,2,2,8,8,0,0
colony-21417,4,0,5,-1,-1,-1,8,0,0,5,0,8,0,8,2,0,2,8,3,2,6,8,3,0,0,0,1,-1,-1,-1,8,7,8,-1,-1,-1,7,0,0,4,8,8,5,5,8,-1,-1,-1
colony-21418,8,2,5,5,0,5,0,4,0,3,2,0,1,5,8,-1,-1,-1,8,8,6,8,3,0,-1,-1,-1,-1,-1,-1,-1,-1,-1,7,6,5,7,4,5,-1,-1,-1,5,2,8,0,0,4
colony-21419,5,0,5,-1,-1,-1,0,0,0,8,4,0,0,8,8,0,2,8,8,8,6,8,3,0,3,4,1,3,7,1,8,4,2,0,0,0,7,4,3,4,7,2,0,2,8,8,0,0
colony-21420,4,0,5,5,0,5,8,3,8,8,0,0,7,0,0,0,2,8,0,0,6,8,3,0,0,0,1,0,0,1,8,3,8,0,0,1,7,0,1,4,5,5,2,6,8,-1,-1,-1
colony-21421,4,1,5,-1,-1,-1,8,3,8,8,4,0,7,0,0,0,2,8,-1,-1,-1,8,3,4,-1,-1,-1,0,0,1,8,3,8,0,0,1,-1,-1,-1,4,0,5,-1,-1,-1,8,8,0
colony-21422,4,0,5,5,0,5,8,0,7,8,0,0,8,0,3,0,2,8,0,0,6,8,3,0,0,5,1,3,0,1,-1,-1,-1,0,0,1,7,0,0,4,0,3,4,4,8,8,5,0
colony-21424,0,0,1,-1,-1,-1,0,0,0,-1,-1,-1,0,7,5,7,8,3,0,3,1,8,3,0,0,0,3,0,0,0,-1,-1,-1,0,8,0,7,7,1,0,7,1,1,5,8,0,5,0
colony-21425,8,0,5,-1,-1,-1,0,4,0,3,3,8,7,2,8,0,2,8,8,8,6,8,3,3,3,4,1,3,0,1,8,5,1,0,7,5,7,4,3,-1,-1,-1,0,2,8,0,0,0
colony-21426,0,0,5,-1,-1,-1,-1,-1,-1,0,0,0,0,8,8,-1,-1,-1,8,8,6,8,3,5,3,4,1,3,7,1,-1,-1,-1,-1,-1,-1,7,4,3,4,7,2,0,2,8,8,0,0
colony-21427,4,0,5,5,0,5,8,3,8,8,0,5,3,0,4,0,2,8,0,0,6,8,3,3,0,0,1,3,8,1,8,3,8,-1,-1,-1,7,7,1,-1,-1,-1,6,8,8,8,8,0
colony-21429,4,0,5,-1,-1,-1,8,0,0,8,8,0,8,0,5,-1,-1,-1,0,7,6,-1,-1,-1,-1,-1,-1,0,0,1,-1,-1,-1,-1,-1,-1,7,4,8,4,0,3,4,0,8,8,0,0
colony-21430,8,0,5,5,0,5,0,4,0,3,8,8,7,2,8,0,2,8,-1,-1,-1,8,3,3,3,4,1,3,7,1,8,5,1,0,7,5,7,4,3,-1,-1,-1,0,2,8,0,0,6
colony-21431,4,0,5,5,0,5,8,0,0,8,0,3,8,0,5,0,2,8,0,7,6,8,3,0,0,0,1,0,0,1,8,4,8,-1,-1,-1,7,4,0,4,0,3,4,0,8,8,0,0
colony-21432,8,2,5,5,0,5,0,4,0,3,2,0,1,5,8,-1,-1,-1,8,8,6,8,3,0,-1,-1,-1,3,4,0,8,0,0,7,6,5,7,4,5,-1,-1,-1,5,2,8,-1,-1,-1
colony-21433,-1,-1,-1,-1,-1,-1,8,5,0,4,0,0,-1,-1,-1,8,2,8,8,8,6,8,3,0,3,0,1,2,8,1,8,2,0,0,0,5,-1,-1,-1,4,0,2,3,2,8,0,2,0
colony-21437,0,0,5,-1,-1,-1,0,8,0,0,8,0,1,4,8,8,2,8,8,8,6,8,3,5,-1,-1,-1,3,7,1,8,0,7,0,0,0,7,4,3,4,7,2,-1,-1,-1,8,0,0
colony-21438,4,4,5,-1,-1,-1,8,0,0,8,0,8,0,5,5,-1,-1,-1,0,0,6,-1,-1,-1,-1,-1,-1,8,0,1,-1,-1,-1,8,0,1,7,0,5,4,4,3,8,8,8,8,0,0
colony-21440,4,0,5,5,0,5,8,3,0,8,0,0,5,8,5,-1,-1,-1,0,4,6,8,3,0,-1,-1,-1,0,2,1,8,3,8,4,0,1,7,8,1,4,8,0,0,8,8,8,8,0
colony-21441,8,0,5,5,0,5,0,4,0,0,0,0,-1,-1,-1,0,2,8,8,8,6,-1,-1,-1,3,4,1,3,7,1,-1,-1,-1,7,6,5,7,4,0,-1,-1,-1,3,2,8,-1,-1,-1
colony-21442,4,0,5,-1,-1,-1,8,0,0,8,0,0,-1,-1,-1,-1,-1,-1,2,0,6,8,3,0,5,0,1,0,0,1,-1,-1,-1,-1,-1,-1,7,0,0,4,0,3,-1,-1,-1,8,0,0
colony-21445,4,0,5,-1,-1,-1,8,0,0,8,0,0,8,0,0,0,2,8,0,0,6,8,3,0,0,5,1,-1,-1,-1,8,4,8,-1,-1,-1,7,5,0,4,0,3,4,0,8,8,0,0
colony-21447,0,0,1,-1,-1,-1,0,0,0,0,0,0,0,7,5,2,8,3,5,3,1,-1,-1,-1,-1,-1,-1,0,0,7,8,0,0,0,8,8,7,7,1,-1,-1,-1,1,5,8,0,5,0
colony-21449,0,0,1,5,8,8,0,0,0,0,0,0,-1,-1,-1,2,8,3,0,3,1,0,0,5,0,0,3,-1,-1,-1,-1,-1,-1,-1,-1,-1,7,7,1,-1,-1,-1,1,5,8,0,5,0
colony-21451,-1,-1,-1,-1,-1,-1,8,0,0,8,0,0,-1,-1,-1,0,2,8,2,0,6,8,3,0,-1,-1,-1,0,0,1,-1,-1,-1,0,0,1,7,0,0,4,0,3,-1,-1,-1,8,0,0
colony-21452,-1,-1,-1,5,0,5,8,3,8,8,0,5,0,0,0,0,2,8,1,3,6,-1,-1,-1,5,5,1,0,2,1,8,3,1,4,0,1,7,8,1,-1,-1,-1,-1,-1,-1,-1,-1,-1
colony-21453,4,0,5,5,0,5,8,0,7,-1,-1,-1,8,0,0,0,2,8,0,0,6,8,3,0,0,5,1,3,0,1,-1,-1,-1,0,0,1,7,0,0,4,0,3,4,4,8,8,0,0
colony-21455,4,0,5,5,0,5,8,0,0,8,4,0,8,0,8,0,2,8,0,0,6,8,3,0,-1,-1,-1,0,0,1,8,4,8,0,0,1,7,7,2,4,0,3,4,7,8,8,0,0
colony-21461,4,0,5,-1,-1,-1,8,3,8,-1,-1,-1,0,0,0,-1,-1,-1,1,4,6,-1,-1,-1,5,5,1,0,2,1,8,3,8,4,0,1,7,8,1,4,0,0,0,8,8,8,8,0
colony-21464,8,3,5,-1,-1,-1,-1,-1,-1,0,3,0,1,4,5,-1,-1,-1,8,8,6,8,3,8,3,0,1,0,0,1,-1,-1,-1,0,4,5,-1,-1,-1,4,0,2,-1,-1,-1,0,0,0
colony-21469,4,5,5,-1,-1,-1,8,3,8,8,0,5,0,0,0,-1,-1,-1,0,8,6,8,3,0,0,0,1,3,8,1,-1,-1,-1,0,0,1,7,7,1,4,8,5,6,0,8,8,8,0
colony-21470,0,0,1,5,8,8,0,0,0,0,0,0,-1,-1,-1,2,0,3,0,3,1,0,0,5,-1,-1,-1,0,0,0,-1,-1,-1,-1,-1,-1,7,7,1,0,7,1,1,5,8,0,5,0
colony-21471,4,0,5,-1,-1,-1,8,0,0,8,0,0,5,4,5,2,0,3,0,0,6,8,3,0,0,0,1,0,0,1,-1,-1,-1,5,0,1,7,2,0,4,8,8,-1,-1,-1,-1,-1,-1
colony-21472,0,0,1,5,8,8,0,0,0,0,0,0,0,7,5,2,8,3,0,3,1,0,0,5,-1,-1,-1,0,0,7,8,0,0,-1,-1,-1,7,7,1,5,7,1,1,5,8,0,5,0
colony-21474,4,8,5,-1,-1,-1,0,0,0,0,0,8,0,1,5,0,2,8,8,8,6,8,3,0,3,7,1,0,7,1,8,0,0,-1,-1,-1,-1,-1,-1,4,0,2,3,2,8,0,0,0
colony-21475,4,0,5,5,0,5,8,3,8,8,4,0,1,0,0,-1,-1,-1,6,0,6,8,3,0,-1,-1,-1,0,8,1,8,3,8,-1,-1,-1,7,7,1,4,8,5,6,0,8,-1,-1,-1
colony-21476,0,0,1,5,8,8,0,0,0,0,0,0,0,7,5,-1,-1,-1,-1,-1,-1,0,0,5,0,4,3,0,0,0,-1,-1,-1,0,0,0,7,7,1,-1,-1,-1,1,5,8,0,5,0
colony-21477,4,0,5,5,0,5,8,0,0,8,0,0,-1,-1,-1,-1,-1,-1,0,0,6,-1,-1,-1,0,0,1,-1,-1,-1,8,4,8,-1,-1,-1,7,2,8,4,0,3,-1,-1,-1,8,0,0
colony-21478,4,0,5,-1,-1,-1,8,0,0,8,0,0,8,0,8,-1,-1,-1,0,0,6,8,3,0,0,0,1,0,0,1,-1,-1,-1,0,0,1,7,0,0,-1,-1,-1,4,0,8,-1,-1,-1
colony-21480,4,0,5,5,0,5,8,0,0,8,0,0,8,0,8,0,2,8,0,0,6,8,3,0,-1,-1,-1,-1,-1,-1,-1,-1,-1,0,0,1,7,0,0,4,0,3,4,0,8,8,0,0
colony-21483,0,8,1,-1,-1,-1,0,0,0,7,0,0,8,4,5,2,7,3,0,3,1,-1,-1,-1,2,4,3,0,0,0,8,0,8,0,0,0,7,7,3,5,7,1,1,5,8,0,5,0
colony-21484,-1,-1,-1,-1,-1,-1,0,4,0,3,8,8,-1,-1,-1,0,2,8,8,8,6,5,3,3,-1,-1,-1,-1,-1,-1,8,5,1,0,7,5,7,4,1,4,4,2,0,2,8,0,0,0
colony-21488,4,0,5,-1,-1,-1,8,3,8,8,2,1,7,0,0,5,2,8,0,0,6,8,3,0,0,0,1,0,4,1,-1,-1,-1,-1,-1,-1,7,0,1,-1,-1,-1,2,6,8,8,8,0
colony-21489,4,0,5,5,0,5,8,7,0,8,0,0,7,5,0,-1,-1,-1,0,0,6,-1,-1,-1,5,8,1,8,0,1,8,8,8,0,0,1,-1,-1,-1,4,4,3,8,8,8,8,0,0
colony-21491,4,0,5,5,0,5,8,3,8,8,4,0,1,1,0,5,2,8,0,0,6,8,3,0,0,5,1,4,8,1,-1,-1,-1,-1,-1,-1,-1,-1,-1,4,8,5,6,0,8,8,8,0
colony-21492,4,0,5,5,0,5,8,8,2,8,0,0,0,4,0,0,2,1,0,0,6,8,3,0,-1,-1,-1,0,0,1,8,0,8,0,0,1,7,0,2,4,0,3,8,8,8,8,1,0
colony-21493,4,0,5,5,0,5,8,0,0,8,0,0,0,4,0,0,2,8,0,0,6,-1,-1,-1,0,8,1,8,0,1,8,8,8,-1,-1,-1,7,0,0,4,0,3,8,8,8,8,7,0
colony-21495,0,0,5,5,8,5,0,0,0,-1,-1,-1,7,7,8,-1,-1,-1,8,8,6,8,3,0,3,4,1,3,7,1,8,0,0,3,0,1,7,4,8,4,7,2,0,2,8,0,0,0
colony-21497,4,0,5,-1,-1,-1,8,3,8,8,0,4,7,0,0,-1,-1,-1,-1,-1,-1,8,3,0,0,0,1,8,4,1,-1,-1,-1,-1,-1,-1,7,0,1,4,5,5,2,6,8,8,8,0
colony-21498,4,0,5,5,4,5,8,3,8,8,4,0,4,0,5,0,2,8,0,0,6,8,3,0,0,0,1,8,8,1,8,3,8,-1,-1,-1,-1,-1,-1,4,0,5,2,0,8,8,8,0
colony-21500,0,0,1,-1,-1,-1,0,0,0,0,3,0,5,7,5,-1,-1,-1,-1,-1,-1,0,0,0,0,8,8,-1,-1,-1,-1,-1,-1,0,0,7,7,0,0,0,7,1,1,5,8,0,5,0
colony-21503,4,0,5,5,0,5,8,0,0,8,0,2,8,0,0,0,2,8,5,8,6,8,3,0,7,0,1,-1,-1,-1,-1,-1,-1,0,4,1,-1,-1,-1,4,7,3,0,2,8,8,0,0
colony-21504,4,0,5,5,0,5,8,7,3,8,0,0,-1,-1,-1,-1,-1,-1,0,0,6,8,3,1,0,8,1,8,0,1,-1,-1,-1,-1,-1,-1,7,0,5,4,4,3,8,8,8,8,0,0
colony-21505,4,0,5,5,0,5,8,0,0,8,8,2,8,4,0,4,2,8,5,0,6,8,3,0,-1,-1,-1,0,8,1,-1,-1,-1,0,0,1,7,0,0,4,7,3,0,0,8,8,0,0
colony-21506,0,0,1,5,2,0,0,2,0,1,0,2,0,0,5,4,2,8,0,0,1,-1,-1,-1,0,0,6,0,0,0,8,0,0,-1,-1,-1,7,8,0,0,0,1,1,5,8,0,5,0
colony-21507,4,0,5,5,4,5,8,3,8,8,0,0,7,0,0,-1,-1,-1,3,5,6,8,3,0,-1,-1,-1,8,4,1,8,3,8,0,0,1,7,0,1,4,5,5,2,6,8,-1,-1,-1
colony-21509,4,0,5,5,0,5,8,0,0,8,0,2,8,0,1,0,2,8,-1,-1,-1,8,3,0,7,0,1,3,8,1,8,4,8,0,0,8,7,0,0,4,7,3,3,2,8,8,0,0
colony-21510,4,0,5,-1,-1,-1,8,3,8,8,4,0,7,0,0,0,2,8,0,0,6,8,3,0,0,0,1,8,8,1,-1,-1,-1,0,0,1,7,4,1,4,0,5,-1,-1,-1,8,8,0
colony-21511,4,0,5,5,0,5,8,0,3,8,0,0,0,0,7,0,2,8,0,0,6,-1,-1,-1,-1,-1,-1,0,4,1,8,7,8,0,0,1,7,2,0,4,8,8,0,5,8,8,0,0
colony-21512,-1,-1,-1,-1,-1,-1,0,0,0,0,0,8,0,0,0,0,2,8,8,8,6,8,3,0,3,7,1,8,0,1,8,8,8,-1,-1,-1,7,0,0,4,0,2,3,2,0,-1,-1,-1
colony-21514,4,3,5,5,0,5,8,0,0,8,8,0,0,8,0,0,2,8,0,0,6,8,3,0,-1,-1,-1,0,0,1,8,7,8,0,0,1,7,0,0,4,0,8,-1,-1,-1,8,2,0
colony-21516,0,0,5,5,8,5,0,2,0,3,7,0,7,7,8,0,2,8,8,8,6,-1,-1,-1,3,4,1,3,7,1,8,0,0,0,0,5,7,4,0,4,7,2,4,2,8,0,0,0
colony-21518,4,0,5,-1,-1,-1,8,0,0,8,0,0,8,0,5,0,2,8,0,0,6,8,3,0,0,0,1,0,0,1,8,7,8,0,0,1,7,2,4,4,8,8,0,5,8,8,0,0
colony-21519,4,0,5,5,0,5,8,7,3,8,0,0,7,5,0,0,2,8,0,0,6,-1,-1,-1,8,8,1,8,0,1,-1,-1,-1,3,0,1,-1,-1,-1,4,4,3,8,8,8,8,0,0
colony-21520,4,8,5,-1,-1,-1,8,0,0,5,0,8,0,1,5,0,2,8,8,8,6,8,3,5,3,7,1,0,7,1,8,0,0,0,0,5,7,4,8,4,0,2,3,2,8,0,0,0
colony-21522,-1,-1,-1,-1,-1,-1,8,0,0,8,8,0,0,8,0,0,2,8,0,0,6,8,3,0,0,0,1,0,0,1,8,7,8,0,0,1,7,0,0,4,0,8,0,5,8,0,0,4
colony-21523,4,5,5,-1,-1,-1,0,4,5,3,1,8,7,4,8,0,2,8,8,8,6,8,3,3,-1,-1,-1,3,7,1,-1,-1,-1,-1,-1,-1,7,4,0,-1,-1,-1,1,2,8,-1,-1,-1
colony-21525,4,0,5,5,0,5,8,0,3,-1,-1,-1,0,0,7,-1,-1,-1,0,0,6,-1,-1,-1,0,3,1,0,0,1,0,2,8,0,0,1,7,2,0,4,8,8,0,5,8,-1,-1,-1
colony-21526,4,5,5,5,0,5,8,0,0,8,0,2,8,3,0,-1,-1,-1,-1,-1,-1,8,3,0,8,7,1,0,8,1,8,4,8,0,1,1,7,2,0,4,0,3,0,0,8,8,0,0
colony-21527,4,0,5,-1,-1,-1,8,0,3,8,0,0,0,0,7,1,2,8,0,0,6,-1,-1,-1,0,0,1,0,0,1,-1,-1,-1,0,0,1,7,2,0,-1,-1,-1,0,5,8,8,0,0
colony-21528,4,0,5,-1,-1,-1,8,3,8,8,0,0,7,0,0,-1,-1,-1,0,0,6,8,3,0,0,0,1,8,4,1,8,3,8,-1,-1,-1,-1,-1,-1,4,5,5,2,6,8,8,8,0
colony-21530,0,0,5,5,0,5,0,0,0,0,0,0,1,4,8,0,2,8,8,8,6,8,3,5,3,4,1,3,7,1,8,0,0,0,0,0,7,4,3,4,7,2,2,2,8,8,0,0
colony-21531,4,5,5,5,0,5,8,0,0,8,0,2,8,0,0,0,2,8,0,0,6,8,3,0,8,7,1,-1,-1,-1,-1,-1,-1,0,0,1,7,0,1,4,0,3,0,0,8,8,0,0
colony-21532,-1,-1,-1,-1,-1,-1,0,2,0,0,4,0,7,7,8,0,2,8,8,8,6,8,3,2,3,4,1,3,7,1,8,0,0,0,0,0,7,4,0,4,7,2,4,2,8,0,0,0
colony-21536,-1,-1,-1,-1,-1,-1,0,0,0,-1,-1,-1,5,4,5,-1,-1,-1,0,3,1,-1,-1,-1,0,0,3,0,0,1,8,0,8,6,4,0,7,7,0,-1,-1,-1,1,5,8,0,5,0
colony-21537,4,0,5,5,0,5,8,0,0,8,8,2,8,4,0,4,2,8,-1,-1,-1,8,3,8,7,1,1,0,8,1,-1,-1,-1,0,0,1,-1,-1,-1,4,7,3,0,0,8,8,0,0
colony-21538,4,0,5,-1,-1,-1,8,0,0,8,0,0,3,2,0,0,2,8,0,0,6,8,3,0,-1,-1,-1,0,0,1,8,7,8,-1,-1,-1,-1,-1,-1,4,0,8,0,0,8,-1,-1,-1
colony-21539,8,0,5,5,0,5,0,0,0,0,8,0,1,4,8,-1,-1,-1,8,8,6,8,3,5,-1,-1,-1,3,7,1,-1,-1,-1,-1,-1,-1,7,4,3,4,7,2,2,2,8,8,0,0
colony-21540,4,0,5,-1,-1,-1,8,0,0,-1,-1,-1,0,2,0,0,2,8,0,0,6,8,3,0,0,0,1,0,0,1,8,7,8,0,0,1,-1,-1,-1,4,0,8,0,0,8,-1,-1,-1
colony-21541,4,0,5,5,0,5,8,1,3,-1,-1,-1,0,0,7,0,2,8,0,0,6,8,3,0,0,0,8,5,4,1,8,7,8,0,0,1,7,2,0,4,8,8,7,5,8,8,0,0
colony-21542,0,0,5,5,0,5,0,0,0,0,4,0,-1,-1,-1,-1,-1,-1,8,8,6,8,3,5,3,4,1,3,7,1,8,0,0,0,0,0,-1,-1,-1,4,7,2,2,2,8,8,0,0
colony-21545,0,0,1,5,2,0,0,0,0,6,0,8,5,4,5,2,0,3,7,3,1,0,0,1,-1,-1,-1,-1,-1,-1,-1,-1,-1,0,4,0,7,7,0,0,7,1,1,5,8,-1,-1,-1
colony-21547,-1,-1,-1,-1,-1,-1,8,0,0,8,8,0,8,8,1,-1,-1,-1,0,0,6,8,3,0,1,0,1,0,0,8,-1,-1,-1,0,0,1,-1,-1,-1,4,0,8,0,1,8,8,2,0
colony-21550,8,0,5,-1,-1,-1,0,4,0,3,0,8,7,4,8,0,2,8,8,8,6,8,3,3,3,4,1,3,7,1,-1,-1,-1,-1,-1,-1,7,4,8,4,0,2,1,2,8,1,0,0
colony-21551,4,8,5,-1,-1,-1,8,0,0,8,5,0,-1,-1,-1,0,2,8,0,0,6,8,3,0,0,0,1,0,0,1,-1,-1,-1,0,0,1,7,0,0,4,8,8,5,5,8,8,0,0
colony-21553,4,3,5,5,0,5,8,0,0,8,8,0,8,8,0,8,2,8,-1,-1,-1,8,3,0,0,0,1,0,8,1,8,7,8,-1,-1,-1,7,4,0,4,5,8,0,0,8,8,2,0
colony-21559,0,0,1,5,0,6,-1,-1,-1,0,3,0,0,7,5,2,6,3,0,1,8,0,0,0,0,0,8,0,0,0,8,0,0,-1,-1,-1,-1,-1,-1,0,7,1,-1,-1,-1,-1,-1,-1
colony-21560,-1,-1,-1,5,0,5,8,7,3,8,0,0,7,5,0,0,2,8,-1,-1,-1,8,3,1,-1,-1,-1,8,0,1,-1,-1,-1,3,0,1,7,0,5,-1,-1,-1,-1,-1,-1,8,0,0
colony-21561,0,0,5,5,0,5,0,0,0,0,4,0,0,7,8,0,2,8,8,8,6,8,3,0,3,4,1,3,7,1,8,0,0,0,0,0,7,4,0,4,7,2,8,0,0,0,0,0
colony-21563,4,0,5,-1,-1,-1,8,0,0,8,0,2,8,0,0,0,2,8,2,6,6,8,3,0,7,0,1,0,8,1,-1,-1,-1,0,0,1,7,0,0,4,7,3,0,0,8,8,0,0
colony-21564,4,0,5,5,4,5,8,3,8,-1,-1,-1,7,8,0,3,2,8,2,0,6,8,3,0,-1,-1,-1,0,0,1,8,8,8,0,8,1,7,0,7,4,0,5,2,0,8,8,8,0
colony-21565,4,0,5,5,0,5,8,7,0,8,0,0,1,4,2,0,2,8,0,0,6,8,3,0,-1,-1,-1,0,2,1,8,2,8,-1,-1,-1,-1,-1,-1,4,2,3,8,8,8,8,1,0
colony-21566,0,0,5,-1,-1,-1,0,0,0,0,4,0,0,0,8,8,2,8,8,8,6,8,3,0,3,4,1,3,7,1,8,0,0,1,0,7,7,4,0,4,7,2,8,2,8,7,0,0
colony-21567,0,0,5,-1,-1,-1,0,0,3,1,4,8,0,0,8,8,2,8,8,8,6,8,3,0,-1,-1,-1,3,7,1,-1,-1,-1,0,0,7,7,4,0,4,7,2,0,2,8,7,0,0
colony-21569,0,4,5,-1,-1,-1,5,0,5,6,5,0,2,8,8,0,2,8,-1,-1,-1,-1,-1,-1,3,1,1,4,8,1,-1,-1,-1,0,0,6,7,4,5,-1,-1,-1,8,2,8,-1,-1,-1
colony-21571,4,0,5,5,0,5,8,2,0,8,0,0,0,4,2,0,2,8,0,0,6,8,3,0,0,0,1,0,2,1,8,0,8,-1,-1,-1,7,8,7,4,4,3,8,8,8,8,1,0
colony-21572,-1,-1,-1,5,0,5,0,0,2,0,0,5,2,4,1,1,2,8,-1,-1,-1,8,3,5,3,3,1,0,0,1,8,3,0,0,0,0,7,4,5,4,0,2,8,0,8,0,0,0
colony-21573,4,0,5,-1,-1,-1,8,2,0,8,0,0,0,4,2,0,2,8,0,0,6,8,3,0,-1,-1,-1,0,2,1,8,0,8,0,0,1,7,8,7,-1,-1,-1,8,8,8,-1,-1,-1
colony-21574,0,2,5,5,4,5,0,0,0,3,4,0,-1,-1,-1,7,8,1,-1,-1,-1,8,3,8,3,3,1,0,0,1,8,3,0,0,0,0,-1,-1,-1,4,0,2,8,5,8,0,0,0
colony-21575,4,0,5,5,4,5,8,3,8,-1,-1,-1,7,0,0,0,2,8,0,0,6,8,3,0,-1,-1,-1,8,4,1,-1,-1,-1,0,0,1,7,3,1,4,5,5,-1,-1,-1,8,8,0
colony-21576,0,4,5,5,0,5,5,0,5,6,5,0,2,8,8,0,2,8,8,8,6,8,3,5,-1,-1,-1,4,2,1,8,3,3,0,0,6,-1,-1,-1,4,8,2,8,2,8,-1,-1,-1
colony-21578,4,0,5,5,0,5,8,0,0,8,3,0,6,0,0,0,2,8,0,0,6,8,3,0,4,0,1,3,3,1,8,7,8,3,8,1,-1,-1,-1,4,8,8,1,5,8,-1,-1,-1
colony-21580,1,0,5,-1,-1,-1,0,0,0,2,6,0,8,8,8,0,2,8,8,8,6,8,3,0,3,4,1,3,7,1,-1,-1,-1,-1,-1,-1,7,4,3,-1,-1,-1,0,2,8,-1,-1,-1
colony-21581,4,0,5,-1,-1,-1,8,3,8,8,4,0,0,0,1,0,2,8,0,0,6,8,3,0,-1,-1,-1,0,0,1,-1,-1,-1,0,0,1,7,4,1,4,0,5,2,0,8,8,0,0
colony-21582,4,4,5,5,0,5,-1,-1,-1,8,0,0,0,4,2,0,2,8,0,0,6,-1,-1,-1,-1,-1,-1,0,0,1,-1,-1,-1,0,0,1,7,3,2,4,0,3,8,8,8,8,1,0
colony-21583,4,4,5,5,0,5,-1,-1,-1,8,0,0,0,4,2,0,2,8,0,0,6,8,3,0,1,7,1,0,0,1,-1,-1,-1,8,0,1,7,3,2,4,0,3,-1,-1,-1,8,1,0
colony-21584,4,0,5,5,0,5,8,8,2,-1,-1,-1,0,4,0,0,2,8,0,0,6,8,3,0,1,7,1,0,0,1,-1,-1,-1,-1,-1,-1,7,2,2,4,0,3,8,8,8,8,1,0
colony-21585,4,5,5,-1,-1,-1,8,0,0,8,3,0,6,0,0,0,2,8,0,0,6,8,3,0,4,0,8,3,3,1,8,7,8,3,8,1,7,0,7,-1,-1,-1,1,5,8,8,0,0
colony-21586,1,2,5,5,0,5,0,0,5,-1,-1,-1,2,4,1,1,2,8,8,8,6,8,3,5,-1,-1,-1,0,0,1,8,3,0,0,1,0,-1,-1,-1,4,0,2,8,0,8,0,0,0
colony-21587,0,2,0,-1,-1,-1,7,0,0,0,0,0,0,0,5,2,0,3,0,8,1,0,0,5,0,0,5,-1,-1,-1,-1,-1,-1,-1,-1,-1,7,0,6,5,0,1,1,5,8,0,5,0
colony-21588,0,0,1,5,5,6,0,0,0,0,3,1,8,7,5,2,6,3,0,0,8,0,0,0,0,0,8,0,0,0,8,5,8,0,0,7,7,0,0,0,7,1,1,5,8,0,5,0
colony-21589,-1,-1,-1,5,2,0,7,0,0,0,0,0,-1,-1,-1,2,0,3,2,8,1,0,0,5,0,0,5,0,0,5,8,0,8,-1,-1,-1,7,0,6,5,4,1,1,5,8,0,5,0
colony-21591,0,0,1,-1,-1,-1,-1,-1,-1,1,0,2,0,0,5,-1,-1,-1,0,0,1,0,0,5,0,0,6,0,0,0,8,0,0,0,0,7,-1,-1,-1,0,0,1,-1,-1,-1,0,5,0
colony-21593,0,0,5,5,3,5,5,0,5,0,0,0,2,8,8,-1,-1,-1,8,8,6,8,3,5,3,3,1,4,2,1,-1,-1,-1,0,0,6,7,4,5,4,8,2,8,2,8,1,0,0
colony-21596,4,0,5,5,0,5,8,7,3,8,0,0,7,5,1,0,2,8,0,0,6,8,3,1,-1,-1,-1,8,0,1,8,8,8,0,0,1,7,0,5,-1,-1,-1,8,8,8,8,0,0
colony-21597,0,0,1,5,0,0,0,5,0,7,3,0,1,7,5,2,6,3,0,0,8,0,0,0,0,0,0,0,0,0,8,0,3,-1,-1,-1,7,0,0,0,7,1,1,5,8,0,5,0
colony-21598,-1,-1,-1,5,4,5,0,0,0,8,0,0,2,4,1,0,2,8,8,8,6,-1,-1,-1,3,3,1,0,0,1,8,3,0,-1,-1,-1,7,4,5,4,0,2,8,1,8,0,0,0
colony-21599,4,0,5,5,0,5,-1,-1,-1,8,0,0,0,4,8,0,2,8,0,1,6,8,3,0,1,7,1,3,7,1,-1,-1,-1,0,0,1,7,0,2,4,0,3,-1,-1,-1,8,1,0
colony-21600,-1,-1,-1,-1,-1,-1,0,0,0,0,3,0,-1,-1,-1,-1,-1,-1,0,1,8,0,0,0,0,0,8,-1,-1,-1,8,0,0,0,0,7,7,0,0,0,7,1,-1,-1,-1,0,5,0
colony-21604,0,2,5,-1,-1,-1,0,0,2,5,4,5,-1,-1,-1,1,2,8,8,8,6,8,3,5,3,3,1,-1,-1,-1,8,3,0,-1,-1,-1,7,4,5,-1,-1,-1,8,0,8,0,0,0
colony-21605,4,0,5,5,0,5,8,2,0,-1,-1,-1,0,4,2,-1,-1,-1,0,0,6,8,3,0,0,0,1,-1,-1,-1,-1,-1,-1,-1,-1,-1,7,8,7,4,4,3,8,8,8,8,1,0
colony-21608,0,0,5,5,0,5,5,0,5,0,0,0,2,8,8,3,3,3,-1,-1,-1,8,3,5,3,1,1,4,2,1,-1,-1,-1,0,0,8,-1,-1,-1,4,8,2,8,2,8,1,0,0
colony-21609,4,0,5,5,0,5,8,0,0,8,0,2,8,0,0,0,2,8,5,0,6,-1,-1,-1,7,0,1,0,8,1,8,4,8,-1,-1,-1,7,0,0,4,7,3,0,2,8,8,0,0
colony-21610,4,3,5,5,8,5,-1,-1,-1,8,0,0,5,0,8,-1,-1,-1,0,0,6,-1,-1,-1,-1,-1,-1,-1,-1,-1,8,7,8,0,0,1,7,0,0,4,0,8,0,0,8,8,2,0
colony-21612,0,2,0,5,2,0,-1,-1,-1,0,0,0,0,0,5,-1,-1,-1,2,0,1,0,0,5,-1,-1,-1,-1,-1,-1,8,0,0,0,5,2,7,0,6,0,0,1,1,5,8,0,5,0
colony-21613,4,2,5,5,4,5,0,0,0,5,5,0,2,4,1,0,2,8,8,8,6,8,3,8,3,3,1,0,0,1,8,3,0,-1,-1,-1,7,4,5,4,0,2,8,0,8,0,0,0
colony-21614,4,0,5,5,0,5,8,3,8,8,4,0,1,0,7,8,2,8,0,0,6,8,3,0,0,5,1,0,8,1,8,3,8,0,0,1,7,7,1,-1,-1,-1,6,0,8,8,8,0
colony-21615,0,2,0,5,2,0,7,0,0,0,0,0,0,0,5,2,0,3,0,0,1,0,0,5,0,0,0,0,0,5,8,0,0,0,5,2,7,0,6,0,0,1,1,5,8,0,5,0
colony-21616,4,0,5,5,0,5,0,0,1,5,4,0,4,7,8,-1,-1,-1,8,8,6,8,3,0,3,4,1,3,7,1,8,0,0,0,0,0,-1,-1,-1,4,7,2,2,2,8,0,0,0
colony-21618,0,2,5,-1,-1,-1,0,0,0,8,0,0,2,4,1,0,2,8,8,8,6,8,3,0,3,3,1,0,0,1,-1,-1,-1,0,3,0,7,4,5,4,0,2,8,1,8,0,0,0
colony-21619,0,0,1,-1,-1,-1,0,0,0,-1,-1,-1,0,7,5,6,6,3,0,0,8,0,0,0,-1,-1,-1,0,0,0,-1,-1,-1,0,0,7,-1,-1,-1,0,7,1,1,5,8,0,5,0
colony-21620,-1,-1,-1,-1,-1,-1,0,0,0,-1,-1,-1,2,0,5,0,2,8,8,8,6,8,3,2,-1,-1,-1,0,0,1,-1,-1,-1,0,0,0,7,4,5,4,0,2,8,2,8,0,0,0
colony-21621,4,0,5,-1,-1,-1,8,0,2,8,0,0,0,4,0,0,2,8,0,0,6,-1,-1,-1,1,7,1,0,0,1,8,0,8,-1,-1,-1,7,0,2,4,0,3,8,8,8,-1,-1,-1
colony-21622,4,8,5,-1,-1,-1,0,0,0,0,0,8,0,1,5,0,2,8,8,8,6,8,3,5,0,8,1,0,7,1,-1,-1,-1,0,0,5,7,4,8,-1,-1,-1,3,2,8,0,0,0
colony-21623,0,2,5,5,0,5,8,5,2,0,0,5,2,4,1,1,2,8,8,8,6,-1,-1,-1,-1,-1,-1,0,0,1,8,3,0,-1,-1,-1,7,4,5,4,0,2,8,0,8,-1,-1,-1
colony-21624,4,2,5,5,4,5,0,0,0,5,5,0,-1,-1,-1,5,2,8,-1,-1,-1,8,3,8,3,3,1,-1,-1,-1,-1,-1,-1,-1,-1,-1,7,4,5,4,0,2,8,0,8,-1,-1,-1
colony-21625,4,0,5,5,0,5,8,2,0,8,8,0,4,4,2,-1,-1,-1,0,0,6,8,3,0,0,0,1,0,2,1,-1,-1,-1,0,0,1,7,8,7,4,0,3,8,8,8,-1,-1,-1
colony-21626,4,4,5,-1,-1,-1,8,0,1,-1,-1,-1,-1,-1,-1,0,2,8,0,0,6,8,3,0,-1,-1,-1,8,5,1,-1,-1,-1,0,0,1,7,0,1,4,0,8,1,0,8,8,2,3
colony-21627,-1,-1,-1,5,2,0,7,0,0,0,0,0,0,0,5,2,0,3,0,0,1,-1,-1,-1,-1,-1,-1,0,0,5,8,0,0,0,5,2,7,4,5,0,0,1,8,2,8,0,5,0
colony-21630,4,0,5,5,0,5,8,3,8,8,4,0,1,1,1,2,8,6,0,0,6,8,3,0,-1,-1,-1,0,8,1,8,3,8,0,0,1,7,7,1,4,8,5,6,0,8,8,8,0
colony-21631,0,0,1,5,0,0,0,0,0,7,3,0,1,7,5,2,6,3,3,0,8,1,4,0,0,0,0,0,0,0,8,0,0,0,6,7,7,0,0,0,7,1,1,5,8,0,5,0
colony-21632,0,0,1,5,0,6,0,0,0,0,3,1,0,7,5,2,6,3,0,0,8,0,0,8,0,0,8,0,7,1,8,5,8,0,0,7,7,0,0,0,7,1,1,5,8,0,5,0
colony-21633,-1,-1,-1,-1,-1,-1,8,0,1,8,0,0,-1,-1,-1,-1,-1,-1,0,0,6,8,3,0,0,0,1,8,5,1,-1,-1,-1,0,8,1,7,0,0,4,0,8,1,0,8,8,2,3
colony-21635,4,8,5,5,6,5,0,0,0,0,0,8,0,1,5,-1,-1,-1,8,8,6,8,3,5,-1,-1,-1,0,7,1,8,0,0,0,0,5,7,4,8,4,0,2,3,2,8,0,0,0
colony-21636,8,2,5,5,2,5,5,4,5,8,7,1,2,8,8,5,2,8,8,8,6,8,3,5,3,0,1,4,2,1,8,3,3,6,1,6,-1,-1,-1,-1,-1,-1,8,2,8,-1,-1,-1
colony-21637,4,8,5,-1,-1,-1,0,0,0,0,0,8,0,1,5,0,2,8,8,8,6,8,3,0,3,7,1,0,7,1,8,0,0,0,0,5,7,4,8,-1,-1,-1,3,2,8,0,0,0
colony-21638,8,2,5,5,2,5,5,4,5,0,7,0,-1,-1,-1,-1,-1,-1,8,8,6,8,3,5,3,0,1,4,2,1,8,3,3,-1,-1,-1,-1,-1,-1,4,8,2,8,2,8,1,0,0
colony-21639,-1,-1,-1,-1,-1,-1,0,0,0,5,4,0,4,7,8,0,2,8,8,8,6,-1,-1,-1,3,4,1,3,7,1,-1,-1,-1,0,0,0,7,4,0,4,7,2,0,2,8,-1,-1,-1
colony-21640,4,0,5,5,0,5,8,3,8,8,4,0,1,1,0,0,2,8,0,0,6,-1,-1,-1,-1,-1,-1,0,8,1,8,3,8,0,0,1,7,7,1,4,8,5,6,0,8,8,8,0
colony-21641,4,0,5,5,0,5,8,3,8,-1,-1,-1,1,1,0,0,2,8,0,0,6,8,3,0,0,5,1,0,8,1,-1,-1,-1,0,0,1,7,7,1,2,8,5,6,8,8,8,8,0
colony-21643,0,0,1,-1,-1,-1,8,0,7,8,0,0,0,5,3,0,2,8,0,0,6,8,3,0,3,6,1,0,2,1,8,7,8,0,3,1,7,8,0,4,2,8,0,8,8,8,0,0
colony-21644,-1,-1,-1,5,2,1,8,3,8,8,4,0,1,1,0,-1,-1,-1,0,0,6,8,3,0,0,5,1,0,8,1,-1,-1,-1,0,0,1,7,7,1,4,8,5,6,0,8,8,8,0
colony-21646,0,0,1,5,0,0,0,0,0,7,3,0,0,7,5,2,6,3,0,0,8,0,0,0,-1,-1,-1,0,0,8,-1,-1,-1,0,0,7,7,3,0,0,7,1,1,5,8,0,5,0
colony-21648,0,0,1,5,2,8,0,0,0,1,0,2,0,0,5,2,0,3,0,0,1,0,0,5,0,0,0,4,0,5,-1,-1,-1,-1,-1,-1,7,0,6,0,0,1,1,5,8,0,5,0
colony-21649,4,3,5,5,8,5,8,0,0,8,0,0,-1,-1,-1,-1,-1,-1,0,0,6,8,3,0,-1,-1,-1,0,0,1,-1,-1,-1,0,0,1,7,0,0,-1,-1,-1,0,0,8,8,2,0
colony-21650,0,2,5,5,0,5,0,0,2,0,8,5,2,4,1,1,2,8,8,8,6,8,3,5,3,3,1,0,0,1,8,3,2,0,0,0,-1,-1,-1,4,0,2,8,0,8,0,0,0
colony-21652,0,0,1,-1,-1,-1,0,2,0,1,0,2,0,0,5,-1,-1,-1,0,0,1,0,7,5,0,0,6,0,4,0,8,0,0,-1,-1,-1,7,0,6,0,5,1,1,5,8,-1,-1,-1
colony-21653,0,2,5,5,4,5,0,0,0,3,4,0,-1,-1,-1,-1,-1,-1,-1,-1,-1,8,3,8,-1,-1,-1,-1,-1,-1,8,3,0,0,0,0,-1,-1,-1,4,0,2,8,5,8,0,0,0
colony-21654,0,8,5,5,0,5,0,0,0,0,0,0,2,8,8,3,2,8,8,8,6,8,3,5,3,0,1,-1,-1,-1,8,3,3,-1,-1,-1,-1,-1,-1,4,0,2,8,2,8,1,0,0
colony-21657,4,4,5,-1,-1,-1,-1,-1,-1,-1,-1,-1,0,2,8,0,2,8,0,0,6,8,3,0,0,0,1,0,5,1,8,7,8,-1,-1,-1,7,0,0,4,0,8,1,0,8,0,5,0
colony-21659,0,2,5,5,4,5,0,0,0,8,0,0,2,4,1,0,2,8,8,8,6,8,3,0,-1,-1,-1,0,0,1,8,3,0,0,0,0,7,4,5,4,0,2,8,0,8,0,0,0
colony-21663,4,0,5,5,0,5,8,3,8,8,4,0,1,0,0,-1,-1,-1,0,0,6,8,3,0,0,5,1,0,8,1,8,3,8,0,0,1,7,7,1,4,8,5,6,0,8,8,8,0
colony-21665,8,0,5,5,4,5,0,0,0,0,4,0,2,4,5,-1,-1,-1,8,8,6,8,3,2,-1,-1,-1,-1,-1,-1,8,3,3,0,0,0,-1,-1,-1,-1,-1,-1,8,0,8,0,0,0
colony-21666,4,4,5,5,2,1,8,0,0,8,8,0,0,2,8,0,2,8,0,0,6,8,3,0,0,0,8,0,5,1,-1,-1,-1,0,8,1,7,0,0,4,0,8,1,5,8,0,5,0
colony-21672,0,0,5,5,4,5,-1,-1,-1,0,4,0,-1,-1,-1,8,8,0,8,8,6,8,3,2,3,2,1,-1,-1,-1,8,3,3,0,0,0,-1,-1,-1,4,0,2,8,3,8,0,0,0
colony-21678,0,0,5,-1,-1,-1,0,0,0,0,4,5,2,4,5,7,2,8,-1,-1,-1,-1,-1,-1,3,0,1,0,4,1,8,3,3,0,0,1,7,4,5,4,0,2,8,0,8,0,0,0
colony-21680,0,0,1,-1,-1,-1,0,0,0,-1,-1,-1,0,0,5,2,4,3,-1,-1,-1,0,0,5,-1,-1,-1,0,0,0,8,3,0,0,0,0,7,0,6,-1,-1,-1,1,5,8,0,5,0
colony-21683,-1,-1,-1,-1,-1,-1,0,2,0,1,0,2,0,0,5,2,0,3,0,0,1,0,0,5,0,0,0,0,0,0,-1,-1,-1,0,0,0,7,0,6,0,1,1,1,5,8,-1,-1,-1
colony-21684,8,1,8,-1,-1,-1,8,0,0,4,3,1,6,5,5,2,8,3,0,5,2,1,0,0,0,8,5,4,4,0,-1,-1,-1,8,0,0,7,3,8,2,7,8,1,5,8,0,5,0
colony-21687,0,0,1,-1,-1,-1,0,0,0,1,0,2,-1,-1,-1,2,0,3,0,0,6,0,0,5,0,0,6,0,0,0,-1,-1,-1,0,0,0,-1,-1,-1,0,0,1,1,5,8,0,5,0
colony-21690,0,2,5,5,0,5,-1,-1,-1,0,0,5,2,4,1,-1,-1,-1,8,8,6,8,3,5,-1,-1,-1,-1,-1,-1,8,3,0,-1,-1,-1,7,4,5,4,0,2,8,0,8,0,0,0
colony-21691,-1,-1,-1,5,2,0,7,2,0,0,0,0,0,0,5,2,0,3,0,8,1,0,0,5,0,0,5,0,0,5,8,0,0,0,5,2,-1,-1,-1,5,0,1,1,5,8,0,5,0
colony-21697,0,0,1,5,0,6,0,0,0,0,3,0,0,7,5,-1,-1,-1,0,1,8,0,0,0,0,0,8,-1,-1,-1,8,0,0,-1,-1,-1,7,0,0,-1,-1,-1,1,5,8,0,5,0
colony-21700,4,0,5,-1,-1,-1,-1,-1,-1,-1,-1,-1,1,1,0,0,2,8,0,0,6,8,3,0,-1,-1,-1,0,8,1,-1,-1,-1,0,0,1,-1,-1,-1,4,8,5,6,8,8,8,8,0
colony-21705,0,2,5,-1,-1,-1,0,0,2,0,0,5,2,4,1,1,2,8,8,8,6,8,3,5,3,3,1,0,0,1,8,3,2,0,0,0,7,4,5,4,0,2,8,5,8,6,0,0
colony-21707,0,8,5,5,0,5,5,0,5,0,0,0,2,8,8,0,2,8,8,8,6,8,3,5,8,3,3,8,0,1,-1,-1,-1,-1,-1,-1,7,4,5,4,0,2,8,2,8,1,0,0
colony-21708,4,0,5,-1,-1,-1,0,0,0,3,4,0,0,0,0,-1,-1,-1,8,8,6,-1,-1,-1,3,3,1,3,3,1,-1,-1,-1,-1,-1,-1,7,4,5,4,4,2,8,5,8,8,0,0
colony-21711,8,0,5,-1,-1,-1,-1,-1,-1,-1,-1,-1,2,4,5,7,2,8,8,8,6,8,3,2,3,2,1,0,0,1,8,3,3,-1,-1,-1,7,4,5,4,0,2,8,0,8,0,0,0
colony-21717,4,3,5,5,0,5,8,0,0,8,4,0,5,0,0,0,0,6,0,0,6,8,3,0,0,0,1,0,0,1,8,0,0,-1,-1,-1,7,0,0,4,0,8,0,0,8,8,2,0
colony-21718,4,0,5,-1,-1,-1,8,0,0,8,0,0,0,0,0,0,2,8,0,0,6,8,3,0,0,0,1,-1,-1,-1,-1,-1,-1,0,0,1,7,0,0,4,8,8,5,5,8,4,0,0
colony-21723,0,0,5,-1,-1,-1,5,0,5,0,0,0,2,8,8,0,2,8,8,8,6,8,3,5,3,0,1,0,0,1,-1,-1,-1,-1,-1,-1,7,4,5,4,0,2,8,2,8,1,0,0
colony-21725,4,3,5,-1,-1,-1,-1,-1,-1,8,4,0,5,0,2,0,2,8,0,0,6,8,3,0,-1,-1,-1,0,0,1,8,7,8,0,0,1,7,0,0,4,0,8,0,0,8,-1,-1,-1
colony-21729,4,5,5,-1,-1,-1,8,0,0,8,0,2,8,0,0,0,2,1,0,0,6,8,3,0,8,0,1,-1,-1,-1,8,4,1,-1,-1,-1,7,0,0,4,0,3,0,2,8,8,0,0
colony-21733,8,7,0,-1,-1,-1,0,0,8,1,3,1,1,0,5,-1,-1,-1,0,5,2,1,3,1,-1,-1,-1,4,7,8,-1,-1,-1,-1,-1,-1,7,3,8,0,0,8,1,5,8,0,5,0
colony-21734,0,0,1,5,0,0,0,0,0,-1,-1,-1,0,4,5,8,7,3,0,3,1,0,0,0,2,4,3,-1,-1,-1,8,0,8,0,0,0,-1,-1,-1,-1,-1,-1,1,5,8,0,5,0
colony-21739,-1,-1,-1,-1,-1,-1,8,0,0,8,8,0,0,2,8,2,8,3,0,7,6,8,3,0,7,8,5,0,5,1,8,7,8,0,8,1,7,0,0,-1,-1,-1,1,0,8,-1,-1,-1
colony-21740,-1,-1,-1,5,0,5,5,0,5,0,0,0,2,8,8,0,2,8,-1,-1,-1,8,3,5,3,0,1,4,0,1,8,3,3,0,0,0,7,4,5,4,0,2,8,2,8,1,0,0
colony-21741,4,8,5,-1,-1,-1,0,0,2,1,0,8,3,1,5,-1,-1,-1,8,8,6,8,3,0,3,7,1,0,7,1,8,4,0,0,0,5,7,4,8,-1,-1,-1,3,2,8,8,0,0
colony-21742,4,0,5,-1,-1,-1,8,3,8,8,0,5,0,0,0,-1,-1,-1,1,8,6,8,3,1,0,0,1,3,8,1,-1,-1,-1,-1,-1,-1,7,7,1,4,8,5,6,0,8,-1,-1,-1
colony-21743,0,2,1,5,7,0,0,0,0,-1,-1,-1,-1,-1,-1,2,6,3,0,0,8,0,0,0,0,0,0,0,0,0,8,0,0,-1,-1,-1,-1,-1,-1,0,7,1,1,5,8,-1,-1,-1
colony-21744,4,0,5,5,0,5,8,3,8,-1,-1,-1,1,0,0,0,2,8,6,0,6,8,3,0,-1,-1,-1,0,8,1,8,3,8,-1,-1,-1,7,7,1,4,8,5,6,0,8,8,8,0
colony-21746,0,0,1,-1,-1,-1,0,0,0,7,3,0,-1,-1,-1,2,6,3,0,0,8,0,0,0,0,0,0,8,0,0,8,0,0,0,0,7,7,3,0,0,7,1,1,5,8,0,5,0
colony-21749,0,3,1,-1,-1,-1,-1,-1,-1,0,2,0,-1,-1,-1,2,0,3,-1,-1,-1,0,0,0,0,0,3,3,4,7,8,0,0,-1,-1,-1,7,7,1,1,7,1,1,5,8,-1,-1,-1
colony-21750,-1,-1,-1,-1,-1,-1,0,0,0,0,3,0,0,7,5,8,6,3,7,0,8,0,0,0,-1,-1,-1,0,0,0,8,0,0,8,0,7,7,5,0,-1,-1,-1,1,5,8,0,5,0
colony-21753,0,0,1,5,2,8,0,0,0,1,0,2,0,0,5,2,0,3,0,0,1,0,5,5,-1,-1,-1,0,0,5,8,3,8,0,0,6,-1,-1,-1,-1,-1,-1,1,5,8,0,5,0
colony-21754,0,0,1,-1,-1,-1,0,0,0,-1,-1,-1,0,7,5,2,6,3,0,0,8,0,0,0,0,0,0,0,0,0,-1,-1,-1,0,0,1,-1,-1,-1,0,7,1,1,5,8,0,5,0
colony-21756,0,2,5,-1,-1,-1,0,0,0,3,0,0,2,5,1,0,2,8,8,8,6,8,3,0,3,3,1,-1,-1,-1,8,3,0,-1,-1,-1,7,4,5,4,0,2,8,0,8,0,0,0
colony-21757,4,0,5,5,3,5,8,7,0,8,0,7,7,5,0,0,2,8,0,0,6,8,3,1,5,8,1,8,0,1,8,8,8,0,0,1,7,0,5,4,4,3,8,8,8,8,0,0
colony-21761,4,8,5,5,0,5,0,0,2,1,0,8,3,1,5,0,2,8,-1,-1,-1,8,3,8,0,0,1,0,7,1,-1,-1,-1,-1,-1,-1,-1,-1,-1,4,0,2,3,2,8,0,0,0
colony-21763,-1,-1,-1,5,0,5,8,0,0,8,8,0,-1,-1,-1,0,2,8,0,0,6,8,3,2,-1,-1,-1,0,5,1,-1,-1,-1,0,8,1,7,0,0,4,0,8,-1,-1,-1,8,2,3
colony-21764,4,0,5,5,0,5,-1,-1,-1,-1,-1,-1,7,5,0,0,2,8,0,0,6,-1,-1,-1,8,8,1,-1,-1,-1,-1,-1,-1,0,0,1,7,0,5,-1,-1,-1,8,8,8,8,0,0
colony-21769,4,5,5,5,2,5,-1,-1,-1,8,4,0,1,8,0,0,2,8,6,5,6,8,3,0,-1,-1,-1,0,8,1,8,3,8,-1,-1,-1,-1,-1,-1,-1,-1,-1,-1,-1,-1,8,8,0
colony-21772,0,0,1,5,2,8,-1,-1,-1,1,0,2,8,0,5,2,0,3,0,4,1,0,0,5,0,0,6,0,0,0,8,0,0,0,0,2,-1,-1,-1,0,0,1,1,5,8,0,5,0
colony-21773,-1,-1,-1,-1,-1,-1,8,3,8,8,8,0,-1,-1,-1,0,2,8,-1,-1,-1,-1,-1,-1,0,8,1,0,8,1,8,3,8,0,0,1,7,7,1,4,8,5,6,0,8,8,8,0
colony-21774,0,0,1,-1,-1,-1,0,0,0,7,0,0,0,4,5,-1,-1,-1,-1,-1,-1,0,0,0,2,4,3,-1,-1,-1,-1,-1,-1,0,0,8,7,7,0,5,7,1,1,7,8,0,5,0
colony-21776,0,0,1,5,3,8,-1,-1,-1,0,0,5,0,7,5,2,0,3,0,3,1,-1,-1,-1,0,3,3,3,4,0,8,5,7,0,0,0,7,7,1,1,7,1,1,5,8,0,5,0
colony-21777,4,0,5,5,0,5,-1,-1,-1,8,4,0,1,0,0,-1,-1,-1,6,0,6,8,3,1,0,0,1,0,8,1,8,3,8,8,0,1,7,7,1,4,8,5,6,0,8,8,8,0
colony-21781,4,0,5,5,0,5,8,3,8,8,0,0,7,0,0,1,2,8,0,0,6,8,3,8,-1,-1,-1,0,0,1,-1,-1,-1,0,0,1,7,0,1,4,5,5,2,6,8,8,8,0
colony-21783,0,0,5,-1,-1,-1,0,0,0,0,4,0,2,0,5,0,2,8,8,8,6,-1,-1,-1,3,2,1,0,0,1,-1,-1,-1,-1,-1,-1,7,4,5,4,0,2,8,4,8,0,0,0
colony-21785,0,0,1,5,0,2,0,0,0,0,3,0,-1,-1,-1,2,6,3,-1,-1,-1,0,0,0,7,1,0,8,0,0,8,0,0,0,0,7,-1,-1,-1,0,7,1,1,5,8,0,5,0
colony-21788,4,8,5,-1,-1,-1,-1,-1,-1,1,0,8,3,1,5,0,2,8,-1,-1,-1,-1,-1,-1,3,7,1,0,7,1,8,4,0,0,0,5,7,4,8,-1,-1,-1,3,2,8,0,0,0
colony-21790,4,4,5,5,8,5,8,3,8,8,0,5,0,0,0,8,6,1,0,0,6,8,3,2,0,0,1,3,8,1,8,3,8,0,2,1,7,7,1,4,8,5,6,0,8,-1,-1,-1
colony-21792,0,2,5,5,4,5,0,0,0,3,0,0,2,5,1,0,2,8,8,8,6,8,3,0,3,3,1,0,0,1,8,3,0,0,8,2,7,4,5,4,0,2,8,0,8,0,0,0
colony-21795,4,8,5,-1,-1,-1,0,0,0,1,0,8,3,1,5,0,2,8,8,8,6,8,3,8,3,7,1,-1,-1,-1,8,4,0,-1,-1,-1,-1,-1,-1,4,0,2,3,2,8,0,0,0
colony-21796,4,8,5,-1,-1,-1,0,0,2,1,0,8,3,1,5,0,2,8,-1,-1,-1,8,3,8,3,7,1,-1,-1,-1,-1,-1,-1,0,0,5,7,4,8,4,0,2,3,2,8,0,0,0
colony-21797,4,0,5,-1,-1,-1,8,3,0,8,0,0,0,0,6,0,2,8,0,0,6,8,3,0,3,2,1,-1,-1,-1,7,3,8,0,0,1,7,0,1,4,0,1,0,0,8,8,8,0
colony-21798,0,0,1,5,0,0,0,0,0,6,3,0,2,0,5,2,6,3,0,0,0,0,0,0,0,1,3,8,8,0,8,5,0,0,0,7,7,4,0,0,7,1,1,5,8,0,5,0
colony-21799,4,0,5,-1,-1,-1,8,0,0,8,0,5,6,4,2,0,2,8,1,4,6,8,3,0,0,0,0,3,3,1,8,7,0,-1,-1,-1,7,0,7,4,8,8,1,5,8,8,0,0
colony-21800,4,4,5,5,0,5,8,3,8,8,6,5,0,8,0,0,2,8,0,0,6,8,3,0,-1,-1,-1,3,8,1,-1,-1,-1,0,2,1,-1,-1,-1,4,8,5,6,8,8,8,8,0
colony-21801,-1,-1,-1,5,2,5,5,8,8,4,3,1,6,5,5,1,8,3,3,5,2,1,0,0,3,7,1,4,5,0,8,0,7,-1,-1,-1,7,3,8,2,7,8,1,5,8,0,5,0
colony-21802,8,0,5,5,0,5,3,4,6,3,8,8,7,4,2,-1,-1,-1,-1,-1,-1,8,3,3,3,4,1,3,7,1,8,5,1,0,7,5,7,4,1,4,0,2,8,2,8,0,0,0
colony-21803,4,0,5,5,0,5,8,3,8,8,0,5,3,0,0,0,2,8,0,5,6,8,3,0,0,0,1,3,8,1,8,3,8,0,2,1,7,7,1,4,8,5,6,0,8,8,8,0
colony-21804,4,0,5,-1,-1,-1,8,0,0,8,0,0,0,5,3,-1,-1,-1,0,0,6,8,3,0,-1,-1,-1,5,5,1,8,7,8,0,0,1,-1,-1,-1,-1,-1,-1,0,8,8,-1,-1,-1
colony-21805,0,0,5,-1,-1,-1,0,0,0,0,4,0,2,0,5,0,2,8,8,8,6,8,3,2,3,2,1,8,0,1,8,3,3,0,0,0,7,4,5,4,5,2,8,2,8,0,0,0
colony-21806,4,0,5,-1,-1,-1,8,3,8,8,4,0,1,0,0,0,2,8,6,0,6,-1,-1,-1,0,0,1,-1,-1,-1,8,3,8,0,0,1,7,7,1,4,8,5,6,0,8,8,8,0
colony-21807,4,0,5,5,0,5,8,3,8,8,0,5,8,2,0,0,2,8,0,8,6,8,3,0,0,0,1,3,8,1,8,3,8,0,0,1,-1,-1,-1,4,8,5,6,0,8,-1,-1,-1
colony-21808,8,0,5,5,4,5,0,4,0,3,0,0,0,5,8,-1,-1,-1,8,8,6,-1,-1,-1,3,4,1,3,7,1,-1,-1,-1,-1,-1,-1,-1,-1,-1,-1,-1,-1,0,2,8,0,0,0
colony-21810,-1,-1,-1,5,0,5,-1,-1,-1,8,0,0,0,5,3,0,2,8,0,0,6,8,3,0,0,0,1,0,0,1,8,7,8,0,0,1,7,0,4,-1,-1,-1,0,0,8,8,0,0
colony-21811,4,0,5,5,0,5,-1,-1,-1,8,0,0,0,5,3,-1,-1,-1,0,0,6,8,3,0,-1,-1,-1,0,0,1,8,7,8,0,0,1,7,0,5,4,0,8,0,8,8,8,0,1
colony-21812,8,2,0,-1,-1,-1,0,1,8,3,3,1,6,6,5,2,8,3,0,5,2,1,8,2,3,8,5,4,0,0,8,2,7,-1,-1,-1,7,3,8,4,0,8,1,5,8,0,5,0
colony-21813,0,0,1,5,2,0,0,0,0,1,0,2,3,0,5,-1,-1,-1,7,0,1,0,0,5,0,0,6,-1,-1,-1,8,0,0,0,0,0,7,0,6,8,0,1,1,5,8,0,5,0
colony-21814,0,0,1,-1,-1,-1,0,0,0,-1,-1,-1,8,0,5,2,6,3,0,0,0,0,0,0,0,1,3,8,0,0,8,5,8,8,0,0,7,0,0,-1,-1,-1,1,5,8,-1,-1,-1
colony-21815,4,0,5,-1,-1,-1,8,0,0,8,3,0,0,0,0,-1,-1,-1,0,0,6,8,3,1,-1,-1,-1,3,3,1,-1,-1,-1,0,3,1,7,0,7,4,8,8,1,5,8,8,0,0
colony-21816,4,0,5,-1,-1,-1,8,3,8,-1,-1,-1,7,0,0,-1,-1,-1,0,0,6,8,3,0,0,0,1,0,4,1,8,3,8,0,0,1,7,0,1,4,5,5,2,6,8,8,8,0
colony-21818,4,0,5,5,0,5,8,7,0,8,0,0,-1,-1,-1,0,2,8,0,0,6,8,3,1,-1,-1,-1,-1,-1,-1,8,8,8,0,0,1,-1,-1,-1,-1,-1,-1,8,8,8,8,0,0
colony-21819,0,2,5,5,4,5,1,0,5,3,0,1,-1,-1,-1,0,2,8,-1,-1,-1,8,3,0,-1,-1,-1,1,3,1,-1,-1,-1,-1,-1,-1,-1,-1,-1,4,0,2,8,3,8,0,0,0
colony-21820,4,0,5,-1,-1,-1,8,3,8,-1,-1,-1,0,0,8,0,2,8,0,8,6,8,3,0,0,0,1,3,8,1,-1,-1,-1,-1,-1,-1,-1,-1,-1,-1,-1,-1,6,0,8,8,8,0
colony-21821,4,5,5,5,0,5,8,0,0,3,0,1,2,4,1,0,2,8,8,8,6,8,3,0,3,3,1,4,8,1,8,7,8,0,0,0,7,0,0,-1,-1,-1,0,8,8,0,0,0
colony-21826,4,0,8,-1,-1,-1,8,3,8,8,0,5,8,0,0,0,2,8,0,8,6,8,3,0,0,0,1,3,8,1,8,3,8,0,0,1,7,7,1,4,8,5,6,0,8,8,8,0
colony-21827,0,0,0,5,2,0,-1,-1,-1,-1,-1,-1,0,8,5,2,8,3,0,0,1,0,0,5,-1,-1,-1,0,0,5,8,0,0,0,5,0,7,0,6,0,0,1,1,5,8,0,5,0
colony-21829,4,0,5,-1,-1,-1,8,3,8,8,4,0,7,0,0,0,2,8,0,0,6,8,3,0,0,0,1,0,0,1,8,3,8,-1,-1,-1,7,0,1,4,0,5,2,0,8,8,8,0
colony-21831,8,8,1,-1,-1,-1,0,0,0,2,3,3,8,7,5,2,4,3,-1,-1,-1,1,0,0,3,8,5,4,3,2,8,4,7,6,0,5,-1,-1,-1,3,2,5,1,5,8,0,5,0
colony-21832,0,2,5,5,4,5,0,0,0,3,0,0,8,5,1,3,2,8,8,8,6,8,3,0,3,3,1,0,0,1,8,3,0,0,0,0,7,4,5,4,2,8,8,1,8,0,0,0
colony-21833,0,4,5,-1,-1,-1,6,0,0,0,0,0,-1,-1,-1,-1,-1,-1,8,8,6,8,3,2,3,5,1,0,2,1,8,3,3,0,8,0,7,4,5,4,0,2,8,2,8,0,8,0
colony-21835,4,4,5,5,0,5,8,3,8,8,0,5,0,2,3,0,2,8,-1,-1,-1,8,3,2,0,0,1,3,8,1,8,4,7,0,2,1,-1,-1,-1,4,8,5,6,5,8,0,5,0
colony-21836,4,0,5,5,0,5,8,0,0,-1,-1,-1,0,0,0,0,2,8,3,0,6,-1,-1,-1,-1,-1,-1,3,3,1,8,7,8,-1,-1,-1,-1,-1,-1,4,8,8,1,5,8,8,0,0
colony-21837,8,8,1,5,4,7,-1,-1,-1,8,3,3,8,7,5,2,4,3,0,0,0,-1,-1,-1,3,0,5,-1,-1,-1,8,4,7,-1,-1,-1,-1,-1,-1,4,7,8,1,5,8,-1,-1,-1
colony-21838,8,8,5,5,0,5,0,4,0,0,2,0,1,5,8,-1,-1,-1,8,8,6,8,3,0,3,4,1,3,7,1,-1,-1,-1,7,6,5,7,4,0,4,0,2,5,2,8,0,0,0
colony-21839,4,0,5,5,0,5,8,3,8,8,0,5,0,0,0,-1,-1,-1,-1,-1,-1,8,3,0,0,3,1,-1,-1,-1,-1,-1,-1,1,2,1,-1,-1,-1,4,8,5,6,4,8,8,8,0
colony-21840,4,0,5,5,0,5,8,3,8,8,0,5,0,0,0,-1,-1,-1,0,8,6,8,3,0,3,0,1,3,8,1,8,3,8,-1,-1,-1,7,7,1,4,8,5,6,0,8,8,8,0
colony-21841,8,2,5,-1,-1,-1,-1,-1,-1,3,0,0,1,0,8,0,2,8,8,8,6,-1,-1,-1,-1,-1,-1,3,7,1,-1,-1,-1,7,6,5,7,4,0,4,0,2,0,2,8,0,0,0
colony-21842,4,0,5,5,8,5,8,3,8,8,0,0,7,5,1,-1,-1,-1,0,0,6,8,3,0,0,0,1,0,0,1,-1,-1,-1,0,0,1,7,0,1,7,0,5,2,0,8,8,8,0
colony-21844,0,0,5,5,5,5,0,0,0,-1,-1,-1,0,8,8,-1,-1,-1,8,8,6,-1,-1,-1,3,4,1,3,7,1,-1,-1,-1,-1,-1,-1,7,4,3,4,7,2,0,2,8,8,0,0
colony-21846,-1,-1,-1,5,0,5,0,0,2,0,0,0,2,4,0,-1,-1,-1,8,8,6,8,3,5,1,3,8,0,0,1,-1,-1,-1,0,0,0,7,4,5,4,0,2,8,8,8,0,0,0
colony-21848,0,2,0,-1,-1,-1,7,0,0,4,2,5,0,0,5,2,0,3,0,0,1,0,0,5,0,0,0,-1,-1,-1,8,0,1,0,5,2,7,0,6,0,8,1,1,5,8,0,5,0
colony-21849,0,4,5,5,0,5,6,0,0,-1,-1,-1,2,2,5,0,2,8,8,8,6,8,3,2,3,0,1,0,2,1,8,3,3,-1,-1,-1,7,4,5,4,0,2,8,2,8,0,8,0
colony-21850,8,8,5,5,0,5,0,4,0,3,8,8,7,0,8,0,2,8,8,8,6,-1,-1,-1,3,4,1,-1,-1,-1,8,5,1,0,7,5,7,4,0,4,0,2,0,2,8,0,0,0
colony-21851,8,8,5,5,0,5,-1,-1,-1,0,2,0,1,5,8,8,8,6,8,8,6,8,3,0,-1,-1,-1,3,7,1,8,4,0,-1,-1,-1,7,4,0,4,0,2,5,2,8,0,0,0
colony-21852,-1,-1,-1,-1,-1,-1,8,2,0,1,0,2,0,0,5,-1,-1,-1,0,6,1,1,0,0,0,0,6,-1,-1,-1,-1,-1,-1,0,0,0,7,0,6,-1,-1,-1,1,5,8,0,5,0
colony-21853,4,0,5,5,0,5,8,3,8,8,0,0,7,0,0,0,2,8,0,0,6,8,3,0,0,0,1,0,0,1,8,3,8,0,0,1,7,0,1,4,5,5,2,6,8,8,8,0
colony-21854,4,4,5,5,0,5,8,3,8,8,0,5,0,8,0,0,2,8,0,0,6,8,3,2,0,0,1,3,8,1,8,3,8,-1,-1,-1,7,7,1,4,8,5,6,8,8,8,8,0
colony-21856,4,0,5,5,0,5,8,0,2,8,0,0,0,5,0,0,2,8,3,0,6,8,3,0,-1,-1,-1,3,3,1,-1,-1,-1,-1,-1,-1,-1,-1,-1,4,8,8,1,5,8,8,1,0
colony-21857,4,0,5,5,0,5,-1,-1,-1,8,0,1,3,4,5,0,2,8,0,0,6,8,3,0,1,7,1,0,0,1,8,0,8,0,0,1,7,0,2,-1,-1,-1,8,8,8,-1,-1,-1
colony-21859,4,0,5,-1,-1,-1,8,3,8,8,4,0,1,0,8,0,2,8,0,0,6,8,3,0,0,5,1,0,8,1,8,3,8,-1,-1,-1,7,7,1,4,8,5,6,8,8,8,8,0
colony-21861,-1,-1,-1,-1,-1,-1,8,3,8,8,4,8,1,5,0,0,2,8,6,0,6,8,3,1,-1,-1,-1,0,8,1,8,3,8,-1,-1,-1,-1,-1,-1,4,8,5,6,0,8,-1,-1,-1
colony-21862,8,0,5,5,0,5,0,4,0,3,1,0,3,8,8,0,2,8,8,8,6,8,3,3,-1,-1,-1,3,7,1,8,7,5,3,7,5,7,4,1,-1,-1,-1,0,2,8,0,0,0
colony-21863,0,2,0,5,2,0,7,0,0,0,2,5,0,0,5,2,7,3,0,0,1,0,0,5,0,0,0,0,0,5,-1,-1,-1,0,5,2,7,7,6,0,8,1,1,5,8,0,5,0
colony-21866,0,4,5,-1,-1,-1,0,0,0,8,0,0,2,5,5,0,2,8,8,8,6,-1,-1,-1,3,0,1,0,2,1,8,3,3,0,0,3,7,4,5,4,0,2,8,2,8,0,8,0
colony-21867,0,0,1,5,0,1,-1,-1,-1,0,0,0,0,7,5,2,0,3,0,3,1,0,0,0,0,0,3,0,4,0,8,0,0,2,0,0,7,7,1,8,7,1,1,5,8,0,5,0
colony-21868,-1,-1,-1,5,0,5,8,3,8,8,4,0,7,0,0,0,2,8,-1,-1,-1,8,3,0,0,0,1,-1,-1,-1,-1,-1,-1,0,0,1,7,0,1,-1,-1,-1,2,0,8,8,8,0
colony-21870,0,0,0,-1,-1,-1,0,0,0,1,0,0,6,0,5,-1,-1,-1,1,0,1,1,0,5,0,0,6,-1,-1,-1,-1,-1,-1,-1,-1,-1,7,0,6,-1,-1,-1,1,5,8,0,5,0
colony-21871,-1,-1,-1,5,2,0,1,0,0,-1,-1,-1,0,0,5,-1,-1,-1,0,0,1,0,0,5,0,0,6,0,0,0,8,0,3,0,0,0,7,0,6,0,0,1,1,5,8,0,5,0
colony-21872,4,0,5,5,0,5,8,4,8,8,1,2,8,0,8,0,2,8,-1,-1,-1,8,3,0,-1,-1,-1,-1,-1,-1,8,4,8,0,0,1,7,0,0,4,0,3,0,0,8,8,0,0
colony-21873,5,0,0,5,0,5,-1,-1,-1,8,0,0,6,6,5,2,0,3,0,0,6,0,0,5,0,0,1,0,0,0,-1,-1,-1,0,0,1,7,0,0,4,2,8,0,8,8,0,5,0
colony-21875,0,0,5,5,0,5,0,0,7,0,8,0,2,0,8,4,2,8,8,8,6,8,3,5,3,1,1,0,0,1,-1,-1,-1,-1,-1,-1,7,4,5,4,3,2,8,2,8,8,0,5
colony-21877,4,0,5,5,0,5,8,4,8,8,1,2,8,0,5,0,2,8,0,0,6,8,3,0,3,0,1,0,8,1,-1,-1,-1,0,0,1,7,0,6,4,8,3,3,7,8,8,0,0
colony-21878,3,0,1,5,2,0,7,0,0,-1,-1,-1,3,5,5,2,3,3,0,0,1,0,0,5,0,0,8,0,0,5,8,0,0,0,0,0,7,0,6,0,5,1,1,5,8,0,5,0
colony-21881,-1,-1,-1,-1,-1,-1,0,0,5,0,0,0,0,7,5,2,8,3,0,3,1,0,0,5,0,0,3,-1,-1,-1,-1,-1,-1,-1,-1,-1,7,7,1,0,7,1,1,5,8,-1,-1,-1
colony-21882,0,2,1,-1,-1,-1,6,0,0,1,0,0,3,0,5,-1,-1,-1,0,0,1,0,0,5,0,0,0,-1,-1,-1,-1,-1,-1,-1,-1,-1,7,0,6,0,0,1,-1,-1,-1,0,5,0
colony-21883,0,4,5,-1,-1,-1,6,0,0,0,0,8,2,0,5,0,2,8,8,8,6,8,3,2,3,0,1,0,2,1,8,3,3,0,0,8,7,4,5,-1,-1,-1,8,2,8,0,8,0
colony-21884,4,7,5,-1,-1,-1,8,3,8,8,0,5,3,0,4,0,2,8,-1,-1,-1,8,3,0,1,0,1,3,8,1,8,3,8,0,0,1,7,7,1,4,8,5,6,8,8,8,8,0
colony-21886,0,0,0,5,2,0,0,0,0,1,0,0,6,0,5,2,5,3,1,0,1,0,0,5,-1,-1,-1,-1,-1,-1,-1,-1,-1,0,0,1,-1,-1,-1,-1,-1,-1,1,5,8,0,5,0
colony-21887,7,2,5,-1,-1,-1,0,0,5,0,0,0,-1,-1,-1,1,2,8,8,8,6,8,3,0,-1,-1,-1,0,0,1,8,3,1,-1,-1,-1,7,4,5,-1,-1,-1,8,1,8,0,0,0
colony-21888,4,0,5,5,0,5,8,4,8,8,1,2,8,0,3,0,2,8,-1,-1,-1,-1,-1,-1,-1,-1,-1,0,8,1,8,4,8,0,0,1,7,0,3,4,0,3,3,0,8,8,0,0
colony-21891,8,0,5,5,0,5,0,4,0,3,2,0,1,5,8,0,2,8,8,8,6,8,3,0,3,4,1,3,7,1,-1,-1,-1,7,6,5,-1,-1,-1,4,0,2,8,8,8,0,0,4
colony-21892,4,0,5,-1,-1,-1,8,3,0,8,0,0,0,4,6,0,2,8,-1,-1,-1,8,3,0,3,2,1,1,2,1,-1,-1,-1,0,0,1,7,0,1,-1,-1,-1,0,0,8,8,8,0
colony-21896,8,0,1,-1,-1,-1,6,0,0,1,0,0,3,0,5,2,0,3,0,0,1,5,0,5,3,0,8,4,8,0,8,5,8,-1,-1,-1,7,0,6,0,0,1,1,5,8,0,5,0
colony-21899,-1,-1,-1,-1,-1,-1,8,0,0,8,0,0,0,5,0,0,2,8,0,0,6,8,3,0,0,0,1,-1,-1,-1,-1,-1,-1,0,0,1,-1,-1,-1,4,0,8,-1,-1,-1,8,0,0
colony-21901,-1,-1,-1,-1,-1,-1,1,2,7,1,0,0,5,6,5,2,5,3,0,0,0,1,6,0,0,0,6,0,0,0,8,0,0,0,0,0,-1,-1,-1,0,0,1,1,5,8,0,5,0
colony-21904,-1,-1,-1,-1,-1,-1,8,5,0,-1,-1,-1,0,0,0,8,2,8,8,8,6,8,3,8,3,0,1,2,8,1,-1,-1,-1,-1,-1,-1,7,4,0,4,7,2,-1,-1,-1,0,2,0
colony-21917,4,2,5,-1,-1,-1,8,0,0,8,0,5,0,2,0,0,2,1,0,0,6,-1,-1,-1,0,0,1,3,8,1,-1,-1,-1,0,0,1,7,7,1,4,8,5,6,5,8,8,0,0
colony-21919,-1,-1,-1,-1,-1,-1,0,0,0,0,0,0,6,0,5,-1,-1,-1,2,5,8,-1,-1,-1,0,0,6,0,0,0,-1,-1,-1,0,0,0,7,0,6,0,0,1,1,5,8,0,5,0
colony-21920,0,0,5,5,0,5,8,0,0,8,0,0,0,8,0,3,2,8,0,0,6,8,3,1,-1,-1,-1,0,2,1,8,7,8,-1,-1,-1,-1,-1,-1,4,0,8,3,2,8,8,0,0
colony-21924,0,0,0,-1,-1,-1,-1,-1,-1,5,0,0,6,0,5,2,5,3,1,0,1,0,0,5,0,0,6,0,0,0,8,0,0,-1,-1,-1,-1,-1,-1,0,0,1,1,5,8,0,5,0
colony-21928,4,4,5,-1,-1,-1,8,0,1,8,0,7,-1,-1,-1,0,2,8,-1,-1,-1,8,3,0,-1,-1,-1,-1,-1,-1,8,7,8,0,8,1,7,0,0,4,0,8,1,0,8,8,2,3
colony-21930,-1,-1,-1,-1,-1,-1,8,0,0,8,0,5,6,0,2,0,2,8,0,0,6,8,3,0,0,0,1,3,3,1,8,7,8,-1,-1,-1,-1,-1,-1,4,8,8,1,5,8,8,0,0
colony-21933,4,0,5,5,0,5,8,3,2,8,0,1,0,4,5,3,2,8,0,0,6,8,3,0,1,0,1,0,0,1,8,0,8,0,0,1,-1,-1,-1,4,0,3,8,8,8,8,1,0
colony-21934,4,0,5,-1,-1,-1,8,3,8,8,0,5,0,0,0,-1,-1,-1,8,0,6,8,3,0,5,7,1,-1,-1,-1,8,3,8,-1,-1,-1,7,7,1,4,8,5,6,4,8,8,8,0
colony-21935,-1,-1,-1,5,0,5,-1,-1,-1,8,0,8,0,5,5,-1,-1,-1,0,0,6,-1,-1,-1,-1,-1,-1,-1,-1,-1,8,8,8,8,8,1,7,0,5,4,4,3,8,8,8,8,0,0
colony-21936,8,8,0,5,8,1,0,4,0,1,0,0,-1,-1,-1,8,0,3,-1,-1,-1,0,0,5,3,8,5,-1,-1,-1,8,4,0,3,4,5,7,7,0,0,0,1,1,5,8,-1,-1,-1
colony-21938,-1,-1,-1,-1,-1,-1,0,0,0,1,3,8,-1,-1,-1,0,2,8,8,8,6,8,3,8,3,7,1,0,7,1,-1,-1,-1,-1,-1,-1,7,4,8,-1,-1,-1,3,2,8,0,0,0
colony-21940,-1,-1,-1,5,2,0,7,0,2,0,0,0,0,8,5,2,0,3,-1,-1,-1,0,0,5,-1,-1,-1,0,0,5,8,0,0,0,5,0,7,0,6,0,0,1,-1,-1,-1,-1,-1,-1
colony-21942,8,2,5,-1,-1,-1,0,4,0,3,0,0,1,0,0,-1,-1,-1,8,8,6,8,3,0,7,6,1,3,7,1,8,2,1,7,6,5,7,4,0,4,0,2,0,2,8,0,0,0
colony-21946,4,0,5,5,0,5,8,3,8,8,4,0,1,0,0,0,2,8,6,0,6,8,3,1,0,0,1,0,8,1,8,3,8,8,0,1,7,3,5,4,8,5,6,0,8,8,8,0
colony-21948,4,8,5,-1,-1,-1,0,0,2,1,3,8,3,1,5,0,2,8,8,8,6,8,3,0,3,8,5,-1,-1,-1,8,4,1,-1,-1,-1,7,2,0,4,8,2,3,2,8,0,0,0
colony-21949,8,8,1,-1,-1,-1,6,0,0,1,4,0,3,0,5,-1,-1,-1,0,0,1,0,0,5,-1,-1,-1,-1,-1,-1,-1,-1,-1,0,0,0,7,0,6,8,0,1,1,5,8,0,5,0
colony-21950,-1,-1,-1,-1,-1,-1,8,0,0,8,0,0,0,5,0,0,2,8,0,0,6,8,3,0,0,0,1,0,2,1,8,7,8,-1,-1,-1,7,0,0,4,0,8,8,8,8,8,0,0
colony-21952,8,0,5,-1,-1,-1,-1,-1,-1,3,0,0,0,5,8,-1,-1,-1,8,8,6,8,3,3,3,4,1,3,7,1,8,7,5,-1,-1,-1,-1,-1,-1,-1,-1,-1,0,2,8,0,0,0
colony-21954,-1,-1,-1,5,0,5,-1,-1,-1,8,4,0,-1,-1,-1,0,2,8,-1,-1,-1,8,3,1,-1,-1,-1,0,8,1,-1,-1,-1,8,0,1,7,7,1,4,8,5,6,0,8,8,8,0
colony-21965,4,0,5,5,0,5,8,4,8,8,0,0,0,0,6,0,2,8,3,0,6,8,3,0,0,0,1,6,2,1,8,3,8,0,2,1,7,0,1,4,0,0,3,5,8,8,8,0
colony-21970,0,8,0,5,2,0,0,0,0,1,5,0,6,0,2,2,5,3,1,0,1,0,0,5,-1,-1,-1,0,0,2,8,0,0,-1,-1,-1,7,0,6,0,0,1,1,5,8,0,5,0
colony-21971,4,0,5,5,2,0,8,3,8,8,4,0,1,0,0,6,2,8,0,0,6,8,3,0,-1,-1,-1,0,8,1,8,3,8,0,0,1,7,7,1,4,8,5,6,0,8,-1,-1,-1
colony-21974,0,2,5,-1,-1,-1,-1,-1,-1,3,0,0,2,5,1,-1,-1,-1,8,8,6,8,3,0,3,3,1,0,0,1,-1,-1,-1,0,0,2,7,4,5,4,0,2,8,0,8,-1,-1,-1
colony-21978,0,0,5,5,2,5,3,2,8,0,8,0,2,0,8,4,2,8,8,8,6,8,3,5,-1,-1,-1,4,6,1,8,3,3,3,3,1,-1,-1,-1,4,3,2,8,2,8,8,0,5
colony-21989,0,7,0,-1,-1,-1,0,4,0,3,0,3,-1,-1,-1,0,5,5,-1,-1,-1,8,3,3,3,4,1,0,0,5,8,0,0,3,6,5,7,4,5,4,0,2,0,2,8,0,5,0
colony-21992,5,0,0,-1,-1,-1,0,0,3,0,0,3,6,6,5,-1,-1,-1,0,0,1,0,0,5,-1,-1,-1,0,0,0,8,0,0,-1,-1,-1,7,0,6,0,0,1,1,5,8,-1,-1,-1
colony-21995,8,8,0,5,2,5,0,4,5,-1,-1,-1,-1,-1,-1,8,4,3,8,8,6,1,0,0,3,4,1,3,7,1,8,4,6,-1,-1,-1,-1,-1,-1,4,0,2,1,5,8,0,0,0
colony-21998,0,0,0,5,2,0,7,0,0,0,0,0,0,8,5,2,3,3,0,0,1,0,0,5,0,5,0,0,0,5,8,0,0,0,5,0,7,0,6,0,0,1,1,5,8,0,5,0
colony-21999,4,0,5,-1,-1,-1,8,0,0,8,0,0,8,0,8,0,2,8,0,0,6,8,3,0,-1,-1,-1,0,0,1,8,4,8,0,0,1,7,0,0,4,0,3,4,0,8,-1,-1,-1
colony-22000,0,0,1,-1,-1,-1,6,0,0,-1,-1,-1,3,0,5,2,0,3,0,0,1,0,0,5,0,0,8,0,0,1,8,3,0,-1,-1,-1,7,4,5,4,0,2,1,5,8,-1,-1,-1
colony-22001,0,0,0,5,2,0,0,0,0,1,0,0,-1,-1,-1,8,8,6,1,0,1,0,2,5,5,0,6,0,0,3,-1,-1,-1,-1,-1,-1,-1,-1,-1,-1,-1,-1,1,5,8,0,5,0
colony-22004,1,8,5,-1,-1,-1,8,0,0,0,0,0,1,0,6,8,8,6,8,8,6,8,3,8,3,0,1,0,0,1,8,0,0,1,4,5,7,4,3,-1,-1,-1,3,2,8,-1,-1,-1
colony-22005,0,0,1,5,2,0,6,7,0,1,4,0,3,0,5,-1,-1,-1,0,0,1,0,0,5,0,0,0,0,0,0,8,0,0,0,0,0,7,2,6,0,0,1,1,5,8,0,5,0
colony-22010,4,2,5,5,0,5,-1,-1,-1,-1,-1,-1,0,5,0,0,2,8,-1,-1,-1,-1,-1,-1,0,0,1,4,0,1,8,7,8,-1,-1,-1,7,0,0,-1,-1,-1,4,8,8,8,0,0
colony-22012,4,0,5,5,8,5,0,0,0,0,8,5,6,0,5,-1,-1,-1,8,8,6,8,3,5,3,5,1,0,8,1,8,3,3,-1,-1,-1,7,4,5,4,8,2,8,2,8,0,0,0
colony-22013,-1,-1,-1,5,0,5,8,3,8,8,0,0,-1,-1,-1,2,2,1,0,0,6,-1,-1,-1,-1,-1,-1,0,0,1,8,3,8,-1,-1,-1,-1,-1,-1,4,5,5,0,2,8,8,8,0
colony-22014,-1,-1,-1,5,2,0,7,0,0,0,0,0,1,8,5,-1,-1,-1,0,0,1,0,0,5,4,0,0,0,0,5,-1,-1,-1,0,5,5,7,0,6,0,0,1,1,5,8,0,5,0
colony-22015,7,2,5,-1,-1,-1,8,0,5,0,0,8,2,0,3,-1,-1,-1,8,8,6,8,3,0,3,3,1,0,0,1,8,3,1,0,3,0,7,4,5,4,0,2,8,1,8,0,0,0
colony-22016,4,0,5,-1,-1,-1,8,3,8,-1,-1,-1,-1,-1,-1,0,2,8,0,0,6,8,3,0,-1,-1,-1,0,0,1,8,3,8,0,0,1,7,0,1,4,0,5,2,4,8,-1,-1,-1
colony-22017,1,2,5,5,2,0,0,0,0,0,0,0,6,0,5,2,5,3,1,5,1,0,0,5,5,0,6,-1,-1,-1,8,0,0,0,0,0,7,0,6,-1,-1,-1,1,5,8,0,5,0
colony-22020,0,0,1,-1,-1,-1,6,0,0,1,4,0,3,0,5,8,0,0,0,0,1,0,0,5,-1,-1,-1,0,0,0,-1,-1,-1,-1,-1,-1,7,2,6,0,0,1,1,5,8,0,5,0
colony-22021,-1,-1,-1,5,8,5,0,0,0,0,8,5,2,0,0,4,2,8,8,8,6,8,3,5,-1,-1,-1,0,0,1,8,3,3,0,0,0,-1,-1,-1,4,8,2,8,2,8,8,0,5
colony-22024,0,0,1,5,2,5,6,0,0,1,0,0,3,0,5,2,0,3,0,0,1,0,0,5,0,0,0,0,0,0,8,0,0,0,0,7,7,0,6,5,0,1,1,5,8,0,5,0
colony-22025,4,0,5,5,0,5,8,0,2,-1,-1,-1,3,4,5,0,2,8,0,0,6,-1,-1,-1,-1,-1,-1,0,0,1,-1,-1,-1,-1,-1,-1,7,0,2,4,0,3,8,8,8,-1,-1,-1
colony-22027,4,0,5,-1,-1,-1,-1,-1,-1,8,0,0,7,8,3,-1,-1,-1,0,0,6,8,3,0,3,0,1,0,0,1,8,3,8,3,0,1,7,0,1,-1,-1,-1,2,6,8,8,8,0
colony-22031,8,4,5,-1,-1,-1,0,4,0,8,0,3,-1,-1,-1,5,2,8,8,8,6,-1,-1,-1,3,2,1,7,4,5,8,3,3,0,0,0,7,4,5,4,0,2,8,2,8,-1,-1,-1
colony-22033,0,0,5,5,0,5,0,0,0,3,8,8,2,0,1,4,2,8,8,8,6,8,3,5,-1,-1,-1,0,0,1,8,3,3,0,0,0,7,4,5,4,8,2,8,2,8,8,0,5
colony-22034,8,1,5,5,7,7,5,8,6,-1,-1,-1,-1,-1,-1,2,4,3,2,0,0,-1,-1,-1,-1,-1,-1,4,7,2,8,4,5,-1,-1,-1,7,3,5,7,5,8,-1,-1,-1,0,5,0
colony-22035,4,3,5,5,0,5,8,3,8,8,4,8,0,0,0,-1,-1,-1,8,4,6,8,3,0,0,0,1,0,2,1,-1,-1,-1,4,0,4,7,8,1,-1,-1,-1,0,8,8,8,8,0
colony-22036,-1,-1,-1,-1,-1,-1,-1,-1,-1,0,0,1,2,0,5,1,2,8,8,8,6,-1,-1,-1,-1,-1,-1,0,0,1,-1,-1,-1,0,0,0,7,4,5,4,0,2,8,0,8,0,0,0
colony-22038,8,0,5,5,0,5,0,0,0,0,8,0,2,0,8,4,2,8,8,8,6,8,3,5,-1,-1,-1,0,8,1,8,3,3,3,3,2,7,4,5,4,3,2,8,2,8,8,0,5
colony-22039,4,0,5,-1,-1,-1,8,3,0,8,0,8,-1,-1,-1,2,2,8,0,0,6,8,3,0,-1,-1,-1,-1,-1,-1,8,3,8,0,0,1,7,0,1,-1,-1,-1,0,0,8,8,8,0
colony-22040,4,0,5,5,0,5,8,3,0,8,8,8,-1,-1,-1,1,2,8,0,0,6,8,3,3,0,0,1,0,2,1,8,3,8,-1,-1,-1,7,0,1,4,5,2,4,0,8,8,8,0
colony-22042,0,0,1,5,2,0,6,0,0,-1,-1,-1,3,1,5,2,0,3,0,0,1,-1,-1,-1,-1,-1,-1,0,0,0,-1,-1,-1,0,0,0,-1,-1,-1,0,0,1,-1,-1,-1,0,5,0
colony-22043,5,0,0,-1,-1,-1,0,0,1,5,3,3,6,0,5,2,4,3,0,7,1,0,0,5,1,0,6,0,0,0,8,0,5,0,5,0,7,0,6,0,0,1,1,5,8,0,5,0
colony-22044,4,0,5,5,2,5,8,3,8,8,0,0,-1,-1,-1,-1,-1,-1,-1,-1,-1,-1,-1,-1,0,0,1,0,2,1,8,3,8,4,0,1,-1,-1,-1,4,0,8,0,8,8,8,8,0
colony-22045,-1,-1,-1,5,0,5,0,4,0,4,2,0,1,5,8,-1,-1,-1,8,8,6,8,3,0,-1,-1,-1,-1,-1,-1,8,4,0,7,6,5,7,4,0,4,8,2,5,2,8,-1,-1,-1
colony-22047,-1,-1,-1,5,0,5,8,3,8,8,4,8,0,0,0,8,4,0,8,4,6,-1,-1,-1,0,0,1,0,2,1,-1,-1,-1,4,0,1,7,8,1,4,0,0,0,8,8,-1,-1,-1
colony-22048,4,0,5,-1,-1,-1,8,3,8,8,4,8,0,0,0,0,2,8,0,4,6,8,3,0,0,3,8,0,2,1,-1,-1,-1,4,0,1,7,8,1,4,0,0,0,8,8,8,8,0
colony-22051,5,8,0,5,2,0,0,0,0,5,0,3,-1,-1,-1,2,4,3,0,7,1,0,0,5,-1,-1,-1,0,0,0,8,0,5,0,5,8,7,0,6,5,8,1,1,5,8,0,5,0
colony-22052,4,4,5,-1,-1,-1,8,3,1,-1,-1,-1,0,0,6,0,2,8,-1,-1,-1,8,3,0,0,0,1,3,2,1,8,3,8,4,0,4,-1,-1,-1,4,4,0,0,5,8,8,8,0
colony-22053,0,1,5,-1,-1,-1,0,2,0,0,8,3,2,0,0,4,2,8,8,8,6,8,3,5,3,0,1,2,0,1,8,3,3,4,0,0,7,4,5,4,0,2,8,2,8,8,0,5
colony-22054,-1,-1,-1,5,0,5,0,0,5,0,0,0,2,0,0,1,2,8,8,8,6,-1,-1,-1,-1,-1,-1,0,0,1,8,3,1,-1,-1,-1,7,4,5,4,0,2,8,1,8,-1,-1,-1
colony-22057,4,0,5,-1,-1,-1,8,0,7,8,0,0,-1,-1,-1,-1,-1,-1,0,0,6,8,3,4,-1,-1,-1,0,2,1,8,7,8,0,0,1,-1,-1,-1,4,1,8,0,0,8,8,0,0
colony-22060,-1,-1,-1,-1,-1,-1,6,0,0,1,0,0,3,1,5,2,0,3,0,0,1,0,0,5,0,0,6,-1,-1,-1,8,0,0,-1,-1,-1,-1,-1,-1,0,0,1,1,5,8,0,5,0
colony-22061,4,4,5,-1,-1,-1,8,3,8,8,0,0,0,0,0,8,2,8,1,4,6,-1,-1,-1,-1,-1,-1,0,2,1,-1,-1,-1,4,0,1,7,8,1,4,0,3,0,8,8,8,8,0
colony-22062,-1,-1,-1,-1,-1,-1,0,3,0,3,8,8,2,0,1,4,2,8,8,8,6,8,3,5,3,0,1,7,8,1,-1,-1,-1,0,0,0,7,4,5,4,8,2,8,2,8,-1,-1,-1
colony-22064,4,0,5,5,0,5,-1,-1,-1,8,0,0,0,0,6,-1,-1,-1,0,3,6,8,3,0,0,0,1,0,2,1,8,3,8,-1,-1,-1,-1,-1,-1,4,0,0,-1,-1,-1,-1,-1,-1
colony-22065,-1,-1,-1,5,2,8,0,0,0,5,5,3,6,0,5,2,4,3,0,7,1,0,0,5,1,0,6,0,0,0,8,0,5,0,5,1,7,0,6,0,0,1,1,5,8,0,5,0
colony-22066,8,0,5,5,4,5,-1,-1,-1,3,3,3,8,7,5,0,2,8,6,8,5,8,0,8,3,4,1,3,7,1,8,4,0,8,4,0,7,7,0,4,3,2,1,5,8,0,5,0
colony-22067,4,0,5,-1,-1,-1,8,3,8,8,0,0,-1,-1,-1,0,2,8,0,4,6,-1,-1,-1,-1,-1,-1,0,2,1,8,3,8,4,0,1,7,8,1,-1,-1,-1,0,8,8,8,8,0
colony-22069,0,0,5,-1,-1,-1,0,2,0,3,8,3,2,0,7,4,2,8,8,8,6,8,3,5,3,0,1,2,0,1,8,3,3,4,0,0,-1,-1,-1,4,0,2,8,2,8,-1,-1,-1
colony-22070,4,0,5,-1,-1,-1,0,0,3,0,6,8,1,8,0,-1,-1,-1,8,8,6,-1,-1,-1,3,0,1,0,7,1,8,0,1,0,0,5,7,4,0,4,0,2,3,2,8,0,0,0
colony-22073,4,0,5,5,2,5,8,3,8,8,0,0,-1,-1,-1,0,2,8,1,4,6,8,3,6,-1,-1,-1,0,2,1,-1,-1,-1,8,0,8,7,8,1,-1,-1,-1,0,8,8,8,8,0
colony-22074,4,0,5,5,0,5,8,0,0,8,0,0,0,5,0,0,2,8,-1,-1,-1,8,3,4,0,0,1,0,2,1,8,7,8,0,0,1,7,0,0,4,1,8,4,0,8,8,0,0
colony-22075,8,0,5,-1,-1,-1,-1,-1,-1,-1,-1,-1,7,3,8,-1,-1,-1,-1,-1,-1,8,3,5,3,4,1,3,7,1,8,0,0,0,6,5,7,4,5,4,3,2,8,2,6,8,0,5
colony-22077,4,0,5,5,0,5,8,3,8,-1,-1,-1,-1,-1,-1,0,2,8,-1,-1,-1,-1,-1,-1,-1,-1,-1,0,2,1,-1,-1,-1,4,0,1,7,8,1,4,0,0,0,8,8,8,8,0
colony-22078,4,0,5,-1,-1,-1,8,3,1,-1,-1,-1,0,0,6,-1,-1,-1,0,0,6,8,3,1,-1,-1,-1,0,2,1,-1,-1,-1,0,0,1,-1,-1,-1,4,0,0,0,5,8,8,8,0
colony-22079,0,8,5,-1,-1,-1,0,2,0,0,8,0,2,0,0,4,2,8,8,8,6,-1,-1,-1,3,0,1,7,0,1,8,3,3,0,0,8,7,4,5,4,0,2,8,2,8,8,0,5
colony-22081,0,7,5,5,8,5,0,5,8,0,0,0,0,0,1,-1,-1,-1,8,8,6,8,3,0,3,0,1,2,8,1,-1,-1,-1,0,0,5,-1,-1,-1,4,0,2,3,2,8,0,0,0
colony-22082,8,2,5,-1,-1,-1,0,0,0,5,0,6,2,1,0,1,2,8,8,8,6,-1,-1,-1,3,3,1,0,0,1,8,3,0,-1,-1,-1,7,4,5,4,8,2,8,0,8,0,0,0
colony-22083,4,0,5,5,0,5,8,3,0,8,4,0,8,5,6,-1,-1,-1,0,0,6,8,3,0,-1,-1,-1,1,2,1,8,3,8,0,0,1,7,4,1,4,0,0,0,0,8,8,8,0
colony-22085,4,0,5,5,8,8,8,3,0,8,0,0,0,0,6,-1,-1,-1,0,3,6,8,3,0,-1,-1,-1,0,2,1,8,0,0,0,0,1,7,0,1,-1,-1,-1,0,5,8,0,5,0
colony-22086,4,0,5,-1,-1,-1,0,0,3,0,3,8,5,4,8,8,2,8,-1,-1,-1,8,3,6,3,0,8,5,7,1,8,0,3,-1,-1,-1,7,4,0,0,7,1,3,2,8,0,0,0
colony-22088,4,0,5,5,0,5,-1,-1,-1,8,0,2,5,8,3,-1,-1,-1,0,4,6,-1,-1,-1,0,0,1,0,2,1,-1,-1,-1,4,0,1,7,8,1,4,8,0,0,8,8,8,8,0
colony-22089,8,2,5,5,3,5,0,0,0,0,3,6,2,1,8,1,0,2,8,8,6,8,3,0,-1,-1,-1,0,0,1,8,1,0,-1,-1,-1,7,4,5,4,1,2,8,0,8,0,0,0
colony-22090,0,5,5,-1,-1,-1,1,0,0,0,8,0,2,0,7,4,2,8,8,8,6,8,3,5,3,0,1,-1,-1,-1,-1,-1,-1,-1,-1,-1,7,4,5,4,2,2,8,2,8,-1,-1,-1
colony-22091,8,2,5,-1,-1,-1,0,0,0,0,0,0,2,1,7,1,2,8,8,8,6,-1,-1,-1,-1,-1,-1,0,0,1,8,3,0,-1,-1,-1,7,4,5,-1,-1,-1,8,0,8,0,0,0
colony-22092,0,5,5,5,0,5,0,0,0,3,8,0,2,0,6,-1,-1,-1,8,8,6,8,3,0,3,0,1,0,0,1,8,3,3,3,0,1,7,4,5,-1,-1,-1,8,2,8,8,0,5
colony-22093,-1,-1,-1,5,4,5,3,4,6,0,0,0,0,0,8,0,2,8,8,8,6,-1,-1,-1,3,4,1,3,7,1,8,0,0,-1,-1,-1,7,4,0,4,3,2,0,2,8,-1,-1,-1
colony-22095,-1,-1,-1,5,0,5,-1,-1,-1,8,4,0,0,5,6,-1,-1,-1,-1,-1,-1,8,3,0,0,0,1,1,2,1,-1,-1,-1,-1,-1,-1,7,0,1,4,0,0,0,0,8,8,8,0
colony-22096,8,0,5,5,4,5,3,4,6,0,2,7,3,0,8,8,2,8,8,8,6,8,3,5,3,4,1,3,7,1,-1,-1,-1,0,6,5,-1,-1,-1,4,3,2,0,2,8,-1,-1,-1
colony-22098,0,7,5,5,8,5,1,0,8,0,0,0,0,0,0,-1,-1,-1,8,8,6,8,3,0,3,0,1,2,8,1,-1,-1,-1,0,7,5,7,4,0,4,7,2,3,2,8,0,0,0
colony-22099,0,0,5,-1,-1,-1,8,0,0,-1,-1,-1,5,0,0,-1,-1,-1,8,8,6,8,3,6,3,0,1,0,0,1,8,1,0,-1,-1,-1,7,4,5,4,5,2,3,2,8,0,0,0
colony-22100,4,0,5,-1,-1,-1,8,3,0,8,0,8,0,0,5,1,2,8,0,0,6,8,3,0,8,3,1,5,2,1,8,3,8,0,0,1,7,0,1,4,0,0,0,0,8,8,8,0
colony-22101,4,0,5,5,0,5,8,0,0,-1,-1,-1,-1,-1,-1,0,2,8,-1,-1,-1,8,3,0,0,0,1,-1,-1,-1,-1,-1,-1,0,4,1,7,0,0,4,1,8,0,7,8,8,0,0
colony-22103,8,2,5,5,0,5,0,0,0,0,0,7,2,1,7,-1,-1,-1,8,8,6,8,3,0,3,3,1,0,0,1,-1,-1,-1,-1,-1,-1,7,4,5,4,8,2,8,0,8,0,0,0
colony-22104,4,0,5,5,3,5,8,3,0,8,0,0,0,0,6,0,2,1,0,3,6,8,3,0,0,0,1,0,2,1,8,3,8,0,0,1,7,0,1,4,0,0,0,5,8,-1,-1,-1
colony-22105,7,2,5,-1,-1,-1,0,0,0,0,8,0,2,0,5,1,2,8,-1,-1,-1,8,3,0,-1,-1,-1,0,0,1,8,3,0,0,0,0,7,4,5,4,0,2,8,0,8,0,0,0
colony-22107,8,0,5,5,4,5,3,4,6,0,0,6,0,0,8,-1,-1,-1,8,8,6,8,3,5,3,4,1,3,7,1,8,0,8,0,6,5,7,4,0,4,3,2,0,2,8,0,0,0
colony-22108,4,0,5,5,0,5,8,3,0,8,0,8,0,8,5,1,2,8,8,0,6,8,3,0,0,0,1,0,2,1,8,0,8,0,0,1,7,0,1,-1,-1,-1,4,0,8,0,0,0
colony-22109,4,0,5,-1,-1,-1,8,3,0,8,0,8,3,4,0,-1,-1,-1,0,3,6,-1,-1,-1,-1,-1,-1,0,2,1,8,3,8,0,0,1,7,0,1,4,0,0,5,5,1,8,8,0
colony-22110,-1,-1,-1,-1,-1,-1,-1,-1,-1,8,0,0,0,3,6,0,2,8,0,0,6,8,3,0,0,0,1,0,2,1,8,3,8,0,0,1,-1,-1,-1,4,7,2,8,5,8,8,8,0
colony-22111,0,2,5,5,3,5,0,0,8,0,0,0,2,4,8,1,2,8,8,8,6,8,3,0,3,3,1,-1,-1,-1,8,3,8,0,6,5,7,4,5,4,8,2,8,0,8,0,0,0
colony-22112,0,5,5,5,0,5,0,5,5,0,8,1,2,8,0,-1,-1,-1,8,8,6,8,3,5,3,0,1,0,0,1,-1,-1,-1,0,0,2,7,4,5,4,8,2,8,2,8,8,0,5
colony-22113,0,5,5,5,0,5,0,0,5,0,8,0,2,4,1,4,2,8,-1,-1,-1,8,3,5,3,0,1,0,0,1,-1,-1,-1,0,0,1,7,4,5,4,8,2,8,2,8,8,0,5
colony-22114,4,0,5,-1,-1,-1,8,3,0,8,8,8,5,2,5,0,2,8,0,0,6,8,3,8,-1,-1,-1,0,2,1,8,3,8,0,0,1,7,0,1,4,5,0,4,0,8,8,8,0
colony-22115,2,7,5,5,8,5,0,3,0,0,0,0,0,0,0,-1,-1,-1,8,8,6,8,3,8,3,8,1,2,8,1,8,2,0,0,0,5,7,4,0,4,0,2,3,2,8,0,0,0
colony-22116,4,0,5,-1,-1,-1,8,3,0,8,0,8,3,4,0,2,2,8,3,0,6,-1,-1,-1,8,0,8,0,2,1,-1,-1,-1,0,0,1,-1,-1,-1,4,2,8,8,0,1,8,8,0
colony-22117,8,2,5,5,0,5,1,3,0,5,0,2,2,1,5,1,2,8,8,8,6,8,3,0,3,3,1,0,8,1,8,3,0,5,0,2,7,4,0,4,8,2,8,2,8,7,0,2
colony-22119,8,2,5,5,4,5,0,5,0,5,0,7,2,4,1,5,2,8,8,8,6,-1,-1,-1,3,3,1,0,0,1,8,3,0,3,3,1,7,4,5,4,0,2,8,7,8,0,0,0
colony-22122,8,2,5,5,4,5,0,5,0,5,8,0,2,4,1,0,2,8,8,8,6,8,3,5,3,3,1,0,0,1,8,3,7,3,2,1,7,4,5,4,0,2,8,7,8,0,0,0
colony-22130,4,0,5,5,8,5,8,3,8,8,0,0,7,8,3,2,2,8,0,0,6,-1,-1,-1,-1,-1,-1,0,0,1,8,3,1,0,0,1,7,0,1,4,5,5,2,6,8,8,8,0
colony-22131,-1,-1,-1,-1,-1,-1,8,8,6,4,3,3,8,7,5,-1,-1,-1,0,7,2,1,3,0,3,8,5,4,1,2,8,4,0,7,6,5,-1,-1,-1,0,5,8,1,5,8,0,5,0
colony-22137,-1,-1,-1,5,0,5,8,3,0,8,0,0,0,0,6,0,2,8,0,3,6,-1,-1,-1,0,0,1,0,2,1,8,3,8,-1,-1,-1,7,0,1,-1,-1,-1,0,5,8,8,8,0
colony-22138,4,0,5,5,0,5,8,3,8,-1,-1,-1,1,0,0,7,7,6,6,0,6,8,3,1,0,0,1,0,8,1,8,0,8,0,1,1,7,7,1,4,8,5,-1,-1,-1,-1,-1,-1
colony-22139,-1,-1,-1,5,0,0,3,8,7,8,3,3,3,8,5,2,3,3,3,4,0,1,6,0,-1,-1,-1,4,0,0,8,4,1,-1,-1,-1,7,8,6,3,3,8,1,5,8,0,5,0
colony-22140,8,5,0,-1,-1,-1,8,0,6,0,3,0,0,0,5,2,8,3,7,5,1,1,0,0,4,8,5,4,0,0,8,8,5,0,4,0,7,5,2,6,4,8,1,5,8,0,5,0
colony-22141,8,2,5,5,4,5,1,0,0,0,0,2,2,1,5,1,2,8,8,8,6,-1,-1,-1,3,3,1,3,7,1,-1,-1,-1,5,0,2,7,4,5,4,8,2,8,2,8,0,0,0
colony-22142,-1,-1,-1,-1,-1,-1,-1,-1,-1,0,0,0,0,0,8,8,8,6,8,8,6,8,3,5,3,4,1,-1,-1,-1,8,0,0,-1,-1,-1,7,4,0,4,3,2,0,2,8,0,0,0
colony-22151,-1,-1,-1,-1,-1,-1,0,5,0,0,2,7,-1,-1,-1,-1,-1,-1,8,8,6,-1,-1,-1,3,0,1,-1,-1,-1,8,1,0,0,0,5,7,4,5,4,5,2,3,2,8,0,0,0
colony-22152,4,0,5,-1,-1,-1,8,3,0,8,0,8,0,0,8,2,2,8,0,0,6,-1,-1,-1,1,8,1,0,2,1,8,3,8,-1,-1,-1,-1,-1,-1,4,2,8,0,7,8,8,8,0
colony-22154,-1,-1,-1,5,0,5,0,0,0,8,0,2,-1,-1,-1,0,2,8,0,4,6,-1,-1,-1,-1,-1,-1,0,2,1,8,3,8,4,0,1,-1,-1,-1,4,8,0,-1,-1,-1,8,0,5
colony-22155,-1,-1,-1,5,0,5,8,3,8,-1,-1,-1,8,4,8,0,2,8,0,4,6,8,3,0,0,5,1,-1,-1,-1,-1,-1,-1,8,3,1,7,8,1,4,0,0,0,8,8,8,8,0
colony-22156,4,0,5,5,0,5,8,3,0,8,0,0,0,0,6,0,3,8,0,3,6,-1,-1,-1,0,0,1,0,2,1,-1,-1,-1,0,0,1,-1,-1,-1,4,0,5,0,5,8,-1,-1,-1
colony-22157,-1,-1,-1,-1,-1,-1,-1,-1,-1,4,2,0,1,5,8,0,2,8,8,8,6,-1,-1,-1,3,4,1,4,0,1,8,4,0,-1,-1,-1,-1,-1,-1,4,0,2,5,2,8,0,0,0
colony-22161,-1,-1,-1,5,0,5,8,3,0,-1,-1,-1,8,0,6,-1,-1,-1,0,0,6,8,3,8,0,0,1,0,2,1,-1,-1,-1,-1,-1,-1,7,0,1,-1,-1,-1,0,0,8,8,8,0
colony-22162,4,0,5,-1,-1,-1,8,3,8,0,3,3,1,8,5,2,8,3,-1,-1,-1,1,7,2,-1,-1,-1,-1,-1,-1,8,4,1,0,0,0,8,0,1,4,5,5,1,5,8,0,5,0
colony-22163,7,2,5,-1,-1,-1,0,0,0,0,0,1,-1,-1,-1,-1,-1,-1,8,8,6,-1,-1,-1,3,3,1,0,0,1,-1,-1,-1,0,0,0,7,4,5,4,0,2,8,0,8,0,0,0
colony-22174,0,2,5,5,0,5,0,0,2,1,5,8,2,4,6,-1,-1,-1,8,8,6,8,3,5,3,3,1,0,0,1,-1,-1,-1,-1,-1,-1,7,4,5,4,0,2,8,8,8,0,0,0
colony-22177,4,0,5,-1,-1,-1,5,8,5,0,3,0,2,8,8,8,2,8,8,8,6,-1,-1,-1,-1,-1,-1,0,0,1,8,7,0,0,0,0,7,4,5,4,7,2,8,2,8,1,0,0
colony-22178,0,0,5,5,0,5,0,0,0,8,0,1,2,0,5,0,2,8,8,8,6,8,3,2,-1,-1,-1,0,2,1,8,3,3,-1,-1,-1,7,4,5,4,0,2,8,7,8,0,8,0
colony-22182,1,4,5,-1,-1,-1,0,0,0,8,0,0,2,5,5,0,2,8,-1,-1,-1,0,0,0,3,0,1,0,2,1,8,3,3,0,0,1,7,4,5,-1,-1,-1,8,2,8,0,8,0
colony-22187,0,2,5,-1,-1,-1,0,0,2,0,0,0,2,4,1,1,2,8,8,8,6,8,3,2,3,8,5,0,0,1,-1,-1,-1,0,0,0,7,4,5,4,6,2,8,8,8,0,0,0
colony-22189,0,0,5,5,5,5,0,0,0,4,0,1,2,0,5,-1,-1,-1,8,8,6,-1,-1,-1,-1,-1,-1,5,2,1,8,3,3,5,0,2,-1,-1,-1,4,5,1,8,7,8,-1,-1,-1
colony-22190,0,0,5,5,0,5,0,0,0,0,0,1,-1,-1,-1,0,2,8,8,8,6,8,3,2,-1,-1,-1,5,2,1,8,3,3,-1,-1,-1,-1,-1,-1,4,0,2,8,0,8,0,8,0
colony-22191,4,0,5,-1,-1,-1,8,3,0,8,0,0,0,0,6,0,2,8,0,0,6,8,3,0,-1,-1,-1,0,2,1,8,3,8,0,0,1,7,0,1,-1,-1,-1,0,5,8,8,8,0
colony-22192,0,2,5,-1,-1,-1,0,0,0,8,0,0,2,0,8,1,2,8,8,8,6,8,3,0,-1,-1,-1,0,0,1,8,3,0,-1,-1,-1,-1,-1,-1,4,8,2,8,3,8,0,0,0
colony-22197,4,0,5,-1,-1,-1,8,3,0,8,0,0,0,0,6,-1,-1,-1,0,3,6,-1,-1,-1,0,0,1,0,2,1,8,3,8,-1,-1,-1,7,0,1,4,0,0,-1,-1,-1,-1,-1,-1
colony-22198,4,0,5,5,0,5,8,3,0,8,0,0,0,0,6,0,2,8,0,8,6,-1,-1,-1,0,7,1,0,2,1,8,3,8,0,0,1,7,0,1,4,0,7,0,5,8,8,8,0
colony-22199,4,0,5,5,0,5,8,3,0,8,5,0,0,0,6,0,2,8,0,8,6,8,3,6,-1,-1,-1,0,2,1,8,3,8,0,0,1,7,3,5,4,0,7,0,5,8,8,8,0
colony-22200,0,0,5,5,0,5,0,0,0,0,4,0,-1,-1,-1,8,2,1,8,8,6,-1,-1,-1,3,4,1,3,7,1,8,0,0,0,3,7,7,4,0,4,7,2,0,2,8,7,0,0
colony-22202,4,0,5,5,0,5,8,3,8,-1,-1,-1,5,8,0,8,6,1,0,4,6,8,3,0,0,0,1,0,2,1,8,3,8,4,0,1,7,8,1,4,7,0,0,8,8,-1,-1,-1
colony-22204,4,0,5,-1,-1,-1,0,0,0,-1,-1,-1,0,8,0,0,2,8,8,8,6,8,3,1,3,4,1,0,0,1,-1,-1,-1,0,2,5,-1,-1,-1,4,5,2,-1,-1,-1,0,0,0
colony-22205,4,0,5,5,0,5,8,3,0,8,0,0,0,0,6,0,2,8,0,0,6,8,3,8,0,0,1,0,2,1,8,3,8,0,0,1,7,0,1,4,0,1,0,0,8,8,8,0
colony-22206,4,0,5,5,0,5,0,5,3,0,0,8,0,0,2,0,2,8,8,8,6,8,3,5,3,4,1,8,7,1,8,0,0,-1,-1,-1,7,4,0,4,5,2,3,2,8,0,0,0
colony-22207,4,0,5,5,0,5,8,3,0,8,0,0,0,0,6,0,2,8,0,3,6,-1,-1,-1,-1,-1,-1,0,2,1,-1,-1,-1,0,0,1,-1,-1,-1,4,0,0,0,5,8,8,8,0
colony-22208,-1,-1,-1,5,0,5,1,0,0,0,8,5,2,8,8,-1,-1,-1,8,8,6,8,3,5,-1,-1,-1,0,0,1,8,3,3,3,3,2,7,4,5,4,3,2,8,2,8,8,0,5
colony-22209,-1,-1,-1,5,0,5,-1,-1,-1,8,0,0,2,5,5,-1,-1,-1,8,8,6,8,3,8,3,2,1,0,2,1,8,3,3,-1,-1,-1,7,4,5,8,0,0,8,2,8,-1,-1,-1
colony-22210,-1,-1,-1,5,0,5,0,4,0,8,0,0,2,5,5,-1,-1,-1,-1,-1,-1,8,3,2,3,0,8,0,2,1,-1,-1,-1,0,0,0,7,4,5,4,0,2,8,2,8,0,8,0
colony-22211,4,0,5,-1,-1,-1,-1,-1,-1,8,0,0,0,0,6,0,2,8,0,3,6,-1,-1,-1,-1,-1,-1,0,2,1,8,3,8,-1,-1,-1,7,0,1,4,0,0,0,5,8,8,8,0
colony-22213,0,2,5,-1,-1,-1,1,7,5,0,0,1,2,0,5,0,2,8,8,8,6,8,3,2,-1,-1,-1,0,0,1,8,3,3,0,8,0,7,4,5,4,0,2,8,4,8,0,0,0
colony-22214,4,0,5,-1,-1,-1,-1,-1,-1,8,4,0,1,0,0,-1,-1,-1,6,4,6,8,3,1,0,0,1,0,8,1,8,3,8,-1,-1,-1,-1,-1,-1,4,8,5,6,0,8,8,8,0
colony-22215,4,0,5,5,0,5,1,0,3,0,0,8,0,0,0,8,8,6,8,8,6,8,3,0,3,1,1,0,7,1,-1,-1,-1,1,0,5,-1,-1,-1,4,0,2,3,2,8,3,0,0
colony-22217,-1,-1,-1,5,0,5,0,0,0,0,4,0,0,8,8,8,2,8,-1,-1,-1,8,3,0,3,4,1,3,7,1,8,0,0,-1,-1,-1,-1,-1,-1,4,7,2,0,2,8,7,0,0
colony-22218,4,0,5,5,0,5,0,5,3,8,0,0,0,0,1,0,2,8,8,8,6,-1,-1,-1,3,3,1,8,7,1,8,3,0,0,3,2,7,4,0,4,5,2,3,2,8,0,0,0
colony-22219,4,0,5,5,0,5,0,0,3,0,0,8,8,8,0,-1,-1,-1,8,8,6,8,3,0,3,0,1,0,7,1,8,4,1,0,0,5,7,4,0,4,0,2,3,2,8,0,0,0
colony-22220,0,2,5,-1,-1,-1,0,0,0,8,0,0,2,0,8,0,2,8,8,8,6,8,3,0,3,3,8,0,0,1,-1,-1,-1,0,0,2,7,4,5,4,8,2,8,3,8,-1,-1,-1
colony-22221,4,0,5,5,0,5,8,3,0,8,8,8,0,0,5,0,2,8,-1,-1,-1,8,3,0,0,0,1,0,2,1,8,3,8,0,0,1,7,0,1,4,0,0,4,8,8,-1,-1,-1
colony-22222,4,0,5,5,0,5,8,3,0,8,0,8,0,0,5,1,2,8,-1,-1,-1,8,3,0,-1,-1,-1,1,2,1,8,3,8,0,0,1,7,0,1,4,0,0,-1,-1,-1,8,8,0
colony-22223,4,0,5,-1,-1,-1,-1,-1,-1,8,0,8,0,0,5,-1,-1,-1,0,0,6,8,3,0,8,0,1,0,2,1,8,3,8,0,0,1,7,0,1,4,0,0,4,0,8,8,8,0
colony-22224,4,0,5,5,0,5,-1,-1,-1,8,0,0,3,0,6,0,2,8,0,0,6,8,3,6,0,0,1,0,2,1,-1,-1,-1,-1,-1,-1,7,3,1,4,0,1,0,5,8,8,8,0
colony-22225,4,0,5,-1,-1,-1,-1,-1,-1,8,0,0,-1,-1,-1,0,2,8,7,0,6,-1,-1,-1,-1,-1,-1,0,2,1,8,3,8,-1,-1,-1,7,0,1,4,0,1,0,5,8,8,8,0
colony-22227,1,2,5,-1,-1,-1,0,0,0,8,0,0,7,0,8,1,2,8,8,8,6,-1,-1,-1,3,3,1,0,0,1,8,3,0,0,0,2,7,4,5,-1,-1,-1,8,3,8,1,0,0
colony-22228,-1,-1,-1,5,2,5,0,0,0,-1,-1,-1,0,0,0,-1,-1,-1,8,8,6,-1,-1,-1,3,0,1,0,0,1,8,1,0,0,0,5,7,4,0,-1,-1,-1,-1,-1,-1,0,0,0
colony-22230,4,0,5,5,0,5,-1,-1,-1,-1,-1,-1,5,8,0,-1,-1,-1,5,4,6,8,3,0,0,4,1,0,2,1,8,3,8,4,0,1,-1,-1,-1,-1,-1,-1,0,8,8,8,8,0
colony-22231,4,0,5,-1,-1,-1,8,3,0,8,0,2,0,0,6,0,2,8,8,3,6,8,3,0,-1,-1,-1,0,2,1,-1,-1,-1,0,0,1,7,0,1,4,0,1,0,5,8,8,8,0
colony-22232,4,0,5,5,0,5,8,3,0,8,0,0,0,0,6,0,2,8,0,8,6,-1,-1,-1,-1,-1,-1,-1,-1,-1,-1,-1,-1,0,0,1,-1,-1,-1,4,0,0,0,5,8,8,8,0
colony-22233,4,0,5,-1,-1,-1,0,5,3,0,0,8,0,0,0,-1,-1,-1,8,8,6,8,3,5,-1,-1,-1,0,7,1,-1,-1,-1,0,0,5,7,4,5,4,8,2,3,2,8,0,0,0
colony-22235,4,0,5,5,0,5,8,3,0,8,8,8,0,0,5,-1,-1,-1,0,0,6,8,3,0,0,0,1,0,2,1,8,3,8,-1,-1,-1,7,0,1,4,0,0,4,0,8,8,8,0
colony-22236,7,2,5,-1,-1,-1,0,0,0,0,8,0,2,0,5,1,2,8,8,8,6,8,3,0,3,3,1,0,0,1,8,3,0,0,0,0,-1,-1,-1,4,0,2,8,0,8,0,0,0
colony-22237,3,4,5,-1,-1,-1,0,0,0,0,2,7,0,0,0,0,2,8,-1,-1,-1,8,3,3,3,0,1,0,8,1,8,1,0,0,0,5,7,4,0,4,5,2,3,2,8,-1,-1,-1
colony-22238,0,8,5,-1,-1,-1,4,2,0,0,8,0,2,0,6,4,2,8,8,8,6,8,3,5,-1,-1,-1,0,4,1,8,3,3,0,0,0,7,4,5,4,0,2,8,2,8,8,0,5
colony-22239,3,4,5,5,2,5,0,0,0,0,0,7,0,0,0,-1,-1,-1,-1,-1,-1,8,3,3,3,0,1,0,8,1,-1,-1,-1,-1,-1,-1,7,4,0,4,5,2,3,2,8,0,0,0
colony-22240,4,0,5,-1,-1,-1,8,3,0,8,0,2,5,8,0,1,2,8,0,4,6,8,3,3,0,5,1,0,2,1,-1,-1,-1,-1,-1,-1,7,8,1,4,8,0,0,8,8,-1,-1,-1
colony-22241,4,0,5,5,0,5,8,3,0,8,0,0,0,0,6,0,2,8,0,8,6,8,3,6,-1,-1,-1,0,2,1,8,3,0,1,0,1,7,0,1,-1,-1,-1,0,5,8,8,8,0
colony-22242,4,0,5,5,0,5,-1,-1,-1,8,0,0,0,0,6,-1,-1,-1,3,0,6,8,3,1,0,0,1,0,2,1,-1,-1,-1,0,0,1,7,0,1,4,0,0,0,5,8,8,8,0
colony-22245,4,0,5,5,0,5,-1,-1,-1,8,0,0,0,0,6,-1,-1,-1,0,0,6,8,3,0,-1,-1,-1,-1,-1,-1,8,3,8,-1,-1,-1,7,0,1,4,1,0,0,8,8,8,8,0
colony-22246,8,0,0,-1,-1,-1,1,0,0,6,3,0,0,7,5,2,8,3,0,5,0,1,2,5,1,8,5,4,5,2,8,3,7,0,0,0,7,3,0,0,8,8,1,5,8,0,5,0
colony-22247,4,0,5,-1,-1,-1,8,3,0,8,0,0,0,0,6,0,2,8,-1,-1,-1,-1,-1,-1,0,0,1,0,2,1,8,3,8,0,0,1,7,0,1,-1,-1,-1,0,8,8,8,8,0
colony-22248,8,0,5,5,4,5,3,4,6,-1,-1,-1,0,2,8,0,2,8,8,8,6,1,2,5,3,4,1,3,7,1,0,2,8,0,6,5,-1,-1,-1,4,3,2,0,2,8,0,0,0
colony-22249,8,2,5,-1,-1,-1,0,5,0,5,0,7,2,4,1,-1,-1,-1,8,8,6,8,3,5,3,3,5,0,0,1,-1,-1,-1,3,2,1,7,4,5,4,0,2,8,7,8,-1,-1,-1
colony-22251,4,0,5,5,0,5,8,3,0,8,0,0,0,0,6,0,2,8,-1,-1,-1,8,3,0,0,0,1,0,2,1,-1,-1,-1,0,0,1,7,0,1,4,1,0,0,8,8,8,8,0
colony-22252,0,0,5,-1,-1,-1,0,1,0,0,0,0,-1,-1,-1,1,2,8,-1,-1,-1,8,3,1,3,0,1,0,0,1,-1,-1,-1,0,0,5,-1,-1,-1,4,5,8,3,2,8,-1,-1,-1
colony-22256,8,2,5,5,4,5,0,5,0,5,0,0,2,4,1,0,2,8,8,8,6,8,3,5,3,3,1,0,0,1,8,3,0,3,2,1,7,4,5,-1,-1,-1,8,7,8,0,0,0
colony-22257,4,2,5,-1,-1,-1,0,0,8,0,0,0,2,4,8,-1,-1,-1,8,8,6,8,3,0,-1,-1,-1,1,0,1,8,3,0,-1,-1,-1,7,4,0,4,8,2,8,0,8,0,0,0
colony-22258,4,0,5,-1,-1,-1,8,3,0,8,0,0,-1,-1,-1,0,2,8,0,0,6,-1,-1,-1,-1,-1,-1,0,2,1,-1,-1,-1,0,8,1,7,0,1,4,0,0,0,0,8,8,8,0
colony-22259,8,0,5,-1,-1,-1,3,4,6,0,0,0,0,2,8,-1,-1,-1,-1,-1,-1,8,3,5,3,6,1,3,7,1,8,8,0,0,6,5,7,4,0,4,3,2,5,4,5,0,0,0
colony-22269,4,0,5,5,0,5,0,0,2,1,0,5,-1,-1,-1,0,2,8,-1,-1,-1,8,3,0,3,3,1,2,0,1,8,3,0,0,0,0,7,4,5,4,0,2,1,5,8,8,0,0
colony-22273,0,2,5,-1,-1,-1,0,0,0,2,5,0,8,4,1,-1,-1,-1,8,8,6,8,3,8,-1,-1,-1,-1,-1,-1,8,3,0,-1,-1,-1,7,4,5,4,0,2,8,2,8,0,0,0
colony-22279,4,0,5,5,0,5,8,0,0,8,6,3,1,4,2,0,2,8,0,0,6,8,3,0,1,0,1,0,2,1,8,0,8,0,0,1,7,0,7,4,2,3,8,8,8,-1,-1,-1
colony-22285,-1,-1,-1,-1,-1,-1,5,0,5,-1,-1,-1,2,8,8,0,2,8,8,8,6,8,3,5,3,0,1,4,2,1,8,3,3,-1,-1,-1,7,4,5,4,8,2,8,2,8,1,0,0
colony-22286,3,2,5,5,4,5,0,1,0,0,0,0,2,1,1,2,2,8,8,8,6,8,3,5,-1,-1,-1,0,0,1,8,3,0,3,2,1,-1,-1,-1,4,0,2,8,7,8,-1,-1,-1
colony-22287,0,2,5,-1,-1,-1,-1,-1,-1,0,0,1,2,4,1,-1,-1,-1,-1,-1,-1,-1,-1,-1,-1,-1,-1,0,0,1,8,3,0,6,0,0,7,4,5,4,0,2,8,1,8,0,0,0
colony-22288,0,2,1,5,7,0,1,0,8,7,3,1,0,7,5,-1,-1,-1,0,0,8,-1,-1,-1,0,0,0,0,0,0,8,0,0,-1,-1,-1,-1,-1,-1,8,7,1,1,5,8,0,5,0
colony-22290,0,2,5,-1,-1,-1,0,0,0,3,0,0,2,1,1,0,2,8,8,8,6,8,3,5,3,3,1,0,0,1,8,3,0,3,2,1,7,4,5,4,0,2,8,7,8,0,0,0
colony-22291,0,8,5,5,0,5,0,0,0,0,0,8,2,0,5,0,2,8,8,8,6,-1,-1,-1,-1,-1,-1,1,0,1,8,3,3,-1,-1,-1,7,4,5,4,2,2,8,0,8,0,0,0
colony-22292,0,0,1,5,0,0,0,0,0,0,3,0,0,8,5,-1,-1,-1,0,0,0,0,8,0,0,1,0,8,7,0,8,0,0,0,0,7,7,0,0,4,2,3,8,8,8,0,5,0
colony-22293,4,0,5,5,0,5,8,0,0,8,0,5,6,4,2,1,2,8,1,5,6,-1,-1,-1,-1,-1,-1,3,3,1,8,7,8,-1,-1,-1,7,0,7,4,8,8,1,5,8,-1,-1,-1
colony-22294,0,0,1,5,0,0,-1,-1,-1,0,0,0,-1,-1,-1,2,1,3,0,3,1,0,0,0,0,0,3,3,4,1,8,0,0,0,0,0,7,7,1,1,7,1,1,5,8,0,5,0
colony-22295,0,8,5,-1,-1,-1,0,3,8,0,2,8,2,2,5,0,2,8,8,8,6,8,3,8,3,2,1,1,0,1,-1,-1,-1,0,0,0,7,4,5,4,0,2,8,0,8,0,0,0
colony-22296,0,2,5,5,4,5,0,0,0,0,0,1,2,4,1,-1,-1,-1,8,8,6,8,3,0,-1,-1,-1,-1,-1,-1,-1,-1,-1,6,0,0,7,4,5,4,0,2,8,1,8,0,0,0
colony-22299,0,2,5,5,6,5,0,0,2,5,0,0,2,4,0,1,2,8,8,8,6,8,3,5,3,3,1,0,0,1,8,3,6,-1,-1,-1,-1,-1,-1,4,6,2,-1,-1,-1,-1,-1,-1
colony-22300,0,0,5,-1,-1,-1,5,0,5,0,7,0,2,8,8,-1,-1,-1,8,8,6,-1,-1,-1,-1,-1,-1,4,2,1,8,3,3,0,5,6,7,4,5,-1,-1,-1,8,2,8,1,0,0
colony-22302,0,0,1,-1,-1,-1,-1,-1,-1,0,0,0,1,7,5,2,0,3,0,3,1,-1,-1,-1,8,0,0,3,4,0,-1,-1,-1,0,0,0,7,7,1,1,7,1,1,5,8,0,5,0
colony-22303,0,2,5,5,0,5,0,0,2,0,0,0,2,4,0,1,2,8,8,8,6,8,3,5,3,3,1,5,0,1,-1,-1,-1,8,0,0,7,4,5,4,6,2,8,8,8,0,0,0
colony-22304,0,2,1,5,7,7,0,0,8,7,3,1,0,7,5,-1,-1,-1,0,0,8,0,0,0,0,0,0,0,0,0,8,0,0,0,0,7,-1,-1,-1,0,7,1,1,5,8,0,5,0
colony-22305,0,2,5,-1,-1,-1,8,6,2,8,0,0,2,4,0,1,2,8,8,8,6,8,3,5,3,3,1,0,0,1,-1,-1,-1,-1,-1,-1,-1,-1,-1,4,0,2,8,8,8,0,0,0
colony-22306,4,0,5,5,0,5,8,1,2,8,8,0,0,4,5,0,2,8,0,0,6,8,3,0,-1,-1,-1,0,0,1,8,0,8,0,0,1,-1,-1,-1,4,0,3,8,8,8,8,1,0
colony-22307,0,0,5,5,0,5,0,0,0,0,4,6,2,0,5,3,2,8,8,8,6,8,3,2,-1,-1,-1,0,0,1,-1,-1,-1,1,0,8,-1,-1,-1,4,0,2,-1,-1,-1,0,0,0
colony-22309,0,0,1,-1,-1,-1,-1,-1,-1,0,3,0,0,0,5,2,6,3,0,0,0,0,8,0,0,1,0,8,7,0,8,0,0,0,0,7,-1,-1,-1,0,7,1,1,5,8,0,5,0
colony-22310,4,0,5,5,0,5,8,3,0,-1,-1,-1,3,0,6,0,2,8,0,0,6,-1,-1,-1,0,0,1,-1,-1,-1,-1,-1,-1,8,0,0,-1,-1,-1,4,0,1,0,0,8,8,8,0
colony-22312,0,0,5,-1,-1,-1,-1,-1,-1,-1,-1,-1,0,8,6,1,2,8,8,8,6,8,3,1,3,7,1,0,0,1,8,1,2,-1,-1,-1,7,4,0,4,5,2,3,2,8,0,0,0
colony-22313,0,0,5,5,5,5,0,1,0,0,0,0,0,8,0,1,2,8,8,8,6,-1,-1,-1,3,0,1,0,0,1,8,1,0,-1,-1,-1,7,4,0,4,5,2,-1,-1,-1,0,0,0
colony-22314,-1,-1,-1,-1,-1,-1,8,0,0,8,0,5,-1,-1,-1,-1,-1,-1,0,0,6,8,3,0,4,0,1,-1,-1,-1,8,7,8,1,0,1,7,0,7,7,8,8,1,5,8,8,0,0
colony-22316,5,2,5,5,4,5,0,5,0,-1,-1,-1,2,4,1,-1,-1,-1,-1,-1,-1,8,3,0,-1,-1,-1,8,0,1,-1,-1,-1,0,0,8,7,4,5,-1,-1,-1,8,1,8,0,0,0
colony-22319,0,2,5,5,0,5,0,6,2,0,0,0,2,4,0,1,2,8,8,8,6,-1,-1,-1,3,3,1,0,0,1,8,3,6,0,0,3,7,4,5,4,5,2,8,8,8,0,2,0
colony-22320,4,2,5,5,0,5,0,0,0,0,4,0,2,0,5,1,2,8,8,8,6,8,3,2,-1,-1,-1,-1,-1,-1,-1,-1,-1,0,0,6,7,4,5,4,5,2,8,0,8,0,0,0
colony-22321,0,0,1,5,0,0,-1,-1,-1,0,3,0,0,0,5,-1,-1,-1,0,0,0,0,8,0,-1,-1,-1,8,7,0,8,0,0,0,0,7,7,0,0,0,7,1,1,5,8,0,5,0
colony-22322,4,0,5,5,0,5,8,3,0,8,0,4,3,0,6,-1,-1,-1,-1,-1,-1,8,3,8,0,0,1,0,2,1,8,3,8,-1,-1,-1,7,0,1,-1,-1,-1,8,5,8,8,8,0
colony-22323,0,2,5,5,4,5,0,0,2,3,8,0,2,1,1,0,2,8,8,8,6,8,3,5,3,3,1,3,0,1,8,3,2,3,2,1,7,6,5,4,0,2,8,7,8,0,0,0
colony-22324,5,2,5,5,4,5,0,5,0,8,0,1,8,4,1,0,2,8,8,8,6,-1,-1,-1,3,3,1,8,0,1,8,3,0,0,0,0,7,4,5,-1,-1,-1,8,1,8,0,0,0
colony-22325,0,2,5,-1,-1,-1,0,0,0,0,0,0,2,4,1,0,2,8,8,8,6,8,3,0,3,3,1,0,0,1,-1,-1,-1,-1,-1,-1,7,4,5,4,0,2,8,1,8,0,0,7
colony-22326,0,2,5,-1,-1,-1,0,4,8,3,0,1,2,4,1,-1,-1,-1,8,8,6,-1,-1,-1,5,0,4,0,0,1,-1,-1,-1,0,0,0,7,4,5,4,0,2,-1,-1,-1,0,0,0
colony-22327,0,2,5,5,0,5,0,0,0,0,0,1,2,4,1,-1,-1,-1,8,8,6,-1,-1,-1,-1,-1,-1,-1,-1,-1,-1,-1,-1,0,0,0,7,4,5,4,0,2,8,1,8,0,0,0
colony-22328,0,2,5,5,4,5,0,0,0,3,0,1,-1,-1,-1,-1,-1,-1,8,8,6,8,3,0,3,3,1,0,8,1,8,3,0,0,0,0,-1,-1,-1,-1,-1,-1,8,0,8,0,0,0
colony-22329,0,8,5,5,4,5,1,0,5,0,0,0,2,0,5,-1,-1,-1,8,8,6,8,3,2,3,2,1,5,0,1,8,3,3,0,3,0,7,4,5,4,0,2,8,4,8,-1,-1,-1
colony-22332,0,2,5,5,4,5,0,0,0,4,0,2,2,4,1,3,2,8,8,8,6,-1,-1,-1,-1,-1,-1,0,0,1,8,3,0,0,8,0,7,4,5,4,0,2,8,0,8,0,0,0
colony-22333,3,0,5,5,4,5,1,0,5,0,0,0,2,0,5,8,8,6,8,8,6,8,3,2,-1,-1,-1,0,6,1,8,3,3,0,0,8,-1,-1,-1,4,0,2,8,4,8,0,0,0
colony-22334,0,2,5,-1,-1,-1,0,4,8,3,0,1,2,4,1,-1,-1,-1,8,8,6,8,3,0,-1,-1,-1,0,0,1,8,3,0,0,0,0,7,4,5,4,0,2,8,0,8,3,0,0
colony-22336,4,0,5,5,0,5,8,0,2,8,8,0,0,4,5,5,2,8,0,0,6,8,3,0,1,7,1,-1,-1,-1,8,0,8,5,8,1,-1,-1,-1,4,0,3,8,8,8,8,1,0
colony-22337,0,2,5,5,4,5,0,1,0,0,0,0,2,1,1,0,2,8,8,8,6,8,3,5,-1,-1,-1,0,0,1,-1,-1,-1,-1,-1,-1,7,4,5,4,0,2,8,7,8,0,0,0
colony-22338,4,4,5,-1,-1,-1,8,0,0,8,5,0,0,5,5,0,2,8,0,0,6,-1,-1,-1,4,0,1,3,3,1,8,7,8,0,3,1,-1,-1,-1,4,8,8,1,5,8,8,0,0
colony-22339,4,0,5,5,0,5,-1,-1,-1,8,0,0,-1,-1,-1,0,2,8,0,0,6,-1,-1,-1,-1,-1,-1,3,3,1,8,7,8,0,3,1,7,0,7,4,8,8,-1,-1,-1,8,0,0
colony-22340,0,0,5,-1,-1,-1,1,0,5,0,0,0,2,2,5,0,2,8,8,8,6,8,3,2,3,2,1,0,1,1,-1,-1,-1,-1,-1,-1,7,4,5,4,0,2,8,4,8,8,0,0
colony-22341,3,0,5,-1,-1,-1,1,0,5,0,0,8,2,1,5,-1,-1,-1,8,8,6,-1,-1,-1,-1,-1,-1,0,0,1,-1,-1,-1,0,0,8,7,4,5,4,0,2,8,4,8,0,0,0
colony-22342,0,2,5,5,4,5,0,0,0,-1,-1,-1,-1,-1,-1,0,2,8,8,8,6,8,3,0,-1,-1,-1,-1,-1,-1,8,3,0,0,0,0,7,4,5,4,0,2,8,1,8,-1,-1,-1
colony-22343,4,0,5,5,0,5,8,0,0,-1,-1,-1,0,5,3,0,2,8,0,1,6,8,3,8,4,0,1,3,3,1,-1,-1,-1,-1,-1,-1,-1,-1,-1,4,8,8,1,5,8,8,0,0
colony-22345,0,0,5,-1,-1,-1,0,0,0,0,0,1,2,1,5,0,2,8,8,8,6,-1,-1,-1,3,0,1,0,2,1,-1,-1,-1,5,0,1,-1,-1,-1,4,0,2,8,7,8,0,8,0
colony-22346,4,0,5,5,0,5,8,0,0,8,0,0,5,5,3,0,2,8,0,0,6,8,3,0,0,0,1,5,0,1,8,7,8,1,5,1,7,0,5,4,0,8,0,8,8,-1,-1,-1
colony-22347,4,0,5,5,8,5,8,0,0,8,0,0,0,5,3,-1,-1,-1,0,2,6,8,3,0,-1,-1,-1,0,0,1,8,7,8,1,0,1,-1,-1,-1,4,0,8,0,8,8,8,0,0
colony-22351,0,0,5,5,2,5,5,0,5,0,3,0,2,8,8,0,2,8,8,8,6,8,3,0,-1,-1,-1,0,5,1,8,3,3,0,0,7,-1,-1,-1,4,7,2,8,2,8,1,0,0
colony-22352,4,0,5,-1,-1,-1,8,0,0,-1,-1,-1,0,5,0,-1,-1,-1,0,0,6,-1,-1,-1,4,8,1,3,3,1,8,7,8,0,3,1,7,4,5,4,8,8,1,5,8,8,0,0
colony-22353,-1,-1,-1,-1,-1,-1,0,0,0,0,0,1,2,1,5,0,2,8,8,8,6,8,3,2,-1,-1,-1,0,2,1,-1,-1,-1,8,3,3,7,4,5,4,0,2,8,7,8,0,8,0
colony-22355,4,0,5,-1,-1,-1,8,3,0,8,0,8,6,0,6,-1,-1,-1,0,0,6,8,3,0,-1,-1,-1,1,2,1,-1,-1,-1,0,0,1,7,0,1,8,0,1,5,0,8,8,8,0
colony-22356,4,0,5,-1,-1,-1,8,0,0,8,3,0,8,0,1,-1,-1,-1,-1,-1,-1,-1,-1,-1,-1,-1,-1,3,3,1,-1,-1,-1,0,3,1,7,0,7,4,8,8,1,5,8,8,0,0
colony-22358,4,0,5,-1,-1,-1,5,0,5,0,3,0,-1,-1,-1,-1,-1,-1,8,8,6,8,3,5,3,7,1,0,0,1,-1,-1,-1,-1,-1,-1,7,4,5,4,7,2,8,2,8,1,0,0
colony-22359,4,0,5,-1,-1,-1,0,5,3,0,0,8,0,0,1,-1,-1,-1,8,8,6,-1,-1,-1,3,4,1,0,7,1,8,0,8,0,0,5,7,4,5,4,4,2,3,2,8,0,0,0
colony-22361,4,0,5,-1,-1,-1,6,0,0,1,0,0,-1,-1,-1,-1,-1,-1,0,0,1,0,0,5,0,0,8,0,0,0,8,0,1,0,7,0,-1,-1,-1,0,5,1,1,5,8,7,5,0
colony-22363,0,4,5,-1,-1,-1,6,0,5,0,0,0,2,0,5,0,2,8,-1,-1,-1,8,3,2,3,5,1,-1,-1,-1,-1,-1,-1,-1,-1,-1,7,4,5,-1,-1,-1,8,2,8,0,8,0
colony-22364,0,0,5,5,0,5,5,8,5,0,3,0,2,8,8,4,2,8,8,8,6,8,3,5,3,7,1,0,0,1,8,3,3,-1,-1,-1,-1,-1,-1,4,7,2,8,2,8,1,0,0
colony-22367,0,0,5,5,0,5,0,0,5,8,0,1,2,5,5,0,2,8,8,8,6,8,3,2,3,0,1,0,2,1,8,3,3,0,0,0,7,4,5,4,0,2,8,7,8,0,8,0
colony-22368,0,2,5,5,4,5,1,7,5,0,2,1,2,0,5,0,2,8,8,8,6,8,3,2,-1,-1,-1,0,0,1,-1,-1,-1,0,8,0,-1,-1,-1,4,0,2,8,4,8,0,0,0
colony-22371,0,0,5,5,4,5,-1,-1,-1,-1,-1,-1,2,0,5,-1,-1,-1,8,8,6,-1,-1,-1,-1,-1,-1,0,0,1,8,3,3,-1,-1,-1,7,4,5,4,4,2,8,4,8,0,5,0
colony-22375,4,0,5,-1,-1,-1,8,0,0,8,5,0,1,4,2,0,2,8,0,0,6,8,3,0,1,0,1,0,2,1,8,0,1,0,0,1,7,0,7,4,2,3,8,8,8,8,1,0
colony-22377,4,2,5,-1,-1,-1,4,0,2,0,0,0,-1,-1,-1,-1,-1,-1,8,8,6,8,3,5,3,3,1,0,0,1,8,3,6,-1,-1,-1,7,4,5,4,6,2,-1,-1,-1,0,0,0
colony-22380,4,0,5,-1,-1,-1,8,0,0,8,2,0,6,0,2,0,2,8,1,0,6,8,3,0,4,4,1,-1,-1,-1,8,7,8,0,0,1,7,0,7,4,8,8,1,5,8,8,0,0
colony-22381,0,2,5,5,0,5,4,0,2,0,0,0,2,4,0,1,2,8,8,8,6,8,3,5,3,3,1,-1,-1,-1,8,3,6,-1,-1,-1,7,4,5,4,6,2,-1,-1,-1,0,0,0
colony-22384,0,0,5,5,0,5,0,0,5,0,0,1,2,0,5,0,2,8,8,8,6,-1,-1,-1,-1,-1,-1,5,2,1,8,3,3,-1,-1,-1,-1,-1,-1,4,5,2,8,7,8,0,8,0
colony-22387,-1,-1,-1,-1,-1,-1,0,0,0,8,0,0,2,5,5,0,2,8,8,8,6,8,3,2,3,0,1,0,2,1,8,3,3,-1,-1,-1,7,4,5,4,0,2,-1,-1,-1,0,8,0
colony-22389,0,0,5,5,0,5,0,0,0,8,0,1,2,0,5,-1,-1,-1,8,8,6,8,3,2,3,3,1,-1,-1,-1,8,3,3,3,0,2,7,4,5,4,0,2,8,7,8,0,8,0
colony-22424,4,0,5,5,0,5,8,2,0,8,0,0,1,4,2,-1,-1,-1,0,0,6,8,3,0,0,0,1,0,2,1,-1,-1,-1,-1,-1,-1,7,8,7,4,0,3,8,8,8,8,1,0
colony-22432,1,0,5,-1,-1,-1,0,5,0,1,6,0,0,7,8,0,2,8,8,8,6,8,3,0,3,4,1,-1,-1,-1,8,3,0,-1,-1,-1,7,4,3,4,7,2,0,2,8,7,0,8
colony-22434,0,2,5,5,4,5,-1,-1,-1,8,0,0,0,5,3,0,2,8,0,0,6,8,3,3,3,6,1,-1,-1,-1,8,7,8,-1,-1,-1,7,0,0,4,2,8,0,8,8,8,0,0
colony-22438,4,0,5,5,0,5,8,2,0,8,0,0,0,4,2,0,2,8,0,0,6,8,3,0,-1,-1,-1,0,2,1,8,0,8,0,0,1,-1,-1,-1,4,0,3,8,8,8,8,1,0
colony-22440,4,0,5,5,0,5,8,0,0,8,0,3,1,4,2,-1,-1,-1,0,0,6,-1,-1,-1,1,0,8,0,2,1,-1,-1,-1,0,0,1,7,0,7,4,2,3,8,8,8,8,1,0
colony-22442,0,0,5,5,0,5,0,0,0,0,0,7,2,8,5,3,2,8,8,8,6,8,6,2,3,2,1,-1,-1,-1,8,3,3,0,0,0,7,4,5,-1,-1,-1,8,0,8,0,0,0
colony-22449,4,0,5,5,8,5,8,2,0,8,0,0,0,4,2,1,2,8,0,0,6,8,3,8,0,0,1,3,2,1,-1,-1,-1,0,0,1,7,8,7,4,0,3,8,8,8,8,1,0
colony-22450,0,0,5,-1,-1,-1,0,0,5,0,0,7,2,0,5,-1,-1,-1,8,8,6,-1,-1,-1,3,2,0,1,0,1,-1,-1,-1,-1,-1,-1,7,4,5,4,0,2,-1,-1,-1,0,0,5
colony-22451,0,0,1,5,2,1,8,0,0,1,4,2,-1,-1,-1,-1,-1,-1,0,0,6,8,3,3,3,6,1,0,0,0,-1,-1,-1,0,0,1,7,0,0,0,7,1,1,5,8,0,5,0
colony-22453,4,0,5,5,0,5,8,0,2,8,0,0,0,4,5,-1,-1,-1,0,0,6,8,3,8,-1,-1,-1,0,4,5,8,0,8,0,0,1,7,0,2,4,4,3,8,8,8,8,1,0
colony-22461,8,2,5,-1,-1,-1,0,0,0,-1,-1,-1,2,4,1,3,2,8,8,8,6,8,3,0,-1,-1,-1,0,0,1,8,3,0,0,0,0,7,4,5,4,0,2,8,1,8,0,0,0
colony-22462,-1,-1,-1,-1,-1,-1,-1,-1,-1,0,0,5,2,4,1,1,2,8,8,8,6,8,3,5,-1,-1,-1,1,0,1,-1,-1,-1,-1,-1,-1,7,4,5,4,5,2,8,0,8,0,0,0
colony-22463,-1,-1,-1,-1,-1,-1,8,0,0,8,0,0,-1,-1,-1,0,2,8,0,0,6,8,3,0,0,0,1,0,0,1,8,7,8,0,0,1,7,0,0,4,0,8,0,8,8,8,0,0
colony-22467,4,0,5,5,0,5,8,0,0,8,3,0,6,0,7,-1,-1,-1,0,4,6,8,3,0,4,0,1,3,3,1,8,7,8,0,0,1,7,0,7,8,8,8,1,5,8,8,0,0
colony-22474,0,2,5,-1,-1,-1,0,0,0,3,4,0,0,4,5,0,2,8,0,0,6,8,3,8,3,3,1,0,0,1,8,3,0,3,0,8,7,4,5,4,0,2,8,5,8,0,0,0
colony-22480,4,0,5,5,0,5,8,0,8,8,0,0,1,4,2,0,2,8,0,4,6,8,3,5,1,0,1,0,0,1,8,0,8,0,0,1,-1,-1,-1,4,0,2,8,8,8,8,1,0
colony-22483,0,2,5,5,4,5,0,0,0,-1,-1,-1,-1,-1,-1,-1,-1,-1,8,8,6,8,3,0,3,3,1,0,0,1,-1,-1,-1,-1,-1,-1,7,4,5,4,0,2,8,0,8,0,0,0
colony-22484,-1,-1,-1,-1,-1,-1,0,0,0,3,4,0,2,0,1,0,2,8,8,8,6,8,3,8,-1,-1,-1,0,0,1,8,3,0,0,0,0,7,4,5,4,0,2,8,5,8,-1,-1,-1
colony-22489,4,0,5,-1,-1,-1,8,0,0,8,0,0,0,5,3,2,2,8,0,0,6,8,3,0,-1,-1,-1,-1,-1,-1,-1,-1,-1,0,0,1,-1,-1,-1,4,0,8,0,8,8,8,0,0
colony-22490,0,8,5,5,0,5,-1,-1,-1,-1,-1,-1,2,0,5,0,2,8,8,8,6,8,3,2,-1,-1,-1,1,4,1,-1,-1,-1,-1,-1,-1,7,4,5,4,0,2,-1,-1,-1,0,0,0
colony-22494,0,2,5,5,4,5,0,0,0,3,4,0,2,0,1,0,2,8,-1,-1,-1,8,3,8,-1,-1,-1,0,0,1,8,3,0,0,0,0,-1,-1,-1,-1,-1,-1,8,5,8,0,0,5
colony-22497,0,2,5,5,4,5,-1,-1,-1,-1,-1,-1,8,0,1,0,2,8,-1,-1,-1,8,3,8,3,3,1,0,0,1,-1,-1,-1,0,0,0,7,4,5,-1,-1,-1,8,5,8,-1,-1,-1
colony-22501,4,0,5,-1,-1,-1,8,0,0,8,3,0,6,0,3,-1,-1,-1,0,0,6,8,3,2,4,0,1,3,3,1,-1,-1,-1,0,0,8,7,4,5,4,8,8,1,5,8,8,0,0
colony-22504,-1,-1,-1,5,4,5,0,0,0,7,5,0,2,4,1,0,2,8,-1,-1,-1,-1,-1,-1,3,3,1,0,1,1,8,3,0,-1,-1,-1,7,4,5,4,0,2,8,0,8,0,0,0
colony-22518,4,2,5,5,0,5,-1,-1,-1,0,4,0,-1,-1,-1,0,2,1,8,8,6,8,3,2,3,2,1,0,0,1,-1,-1,-1,0,0,0,-1,-1,-1,4,8,2,-1,-1,-1,0,0,0
