target_idx,kde_pred_string,kde_pred_label
0,unedited,0
0,ACAGT,1
0,ACTCC,2
0,ACTTA,3
0,GTTCA,4
0,TATAT,5
0,TGCCA,7
0,TTCCT,8
1,unedited,0
1,AATCG,1
1,ATCAA,2
1,ATTTA,3
1,CTCTC,4
1,CTTTG,5
1,GATAG,6
1,GCAAG,7
1,GCGCC,8
2,unedited,0
2,ACAAT,1
2,AGTAC,2
2,ATCAA,3
2,CCCTA,5
2,CCTTT,7
2,GGACA,8
3,TATAT,5
4,unedited,0
4,ATCAA,2
4,ATTTA,3
4,CTCTC,4
4,CTTTG,5
4,GATAG,6
4,GCAAG,7
4,GCGCC,8
5,unedited,0
5,ACAAT,1
5,AGTAC,2
5,CCCTA,5
5,CCGAT,6
5,CCTTT,7
5,GGACA,8
6,unedited,0
6,ACAGT,1
6,ACTCC,2
6,ACTTA,3
6,GTTCA,4
6,TATAT,5
6,TCCAA,6
6,TGCCA,7
6,TTCCT,8
7,unedited,0
7,AATCG,1
7,ATCAA,2
7,ATTTA,3
7,CTCTC,4
7,CTTTG,5
7,GATAG,6
7,GCAAG,7
7,GCGCC,8
8,unedited,0
8,ACAAT,1
8,AGTAC,2
8,ATCAA,3
8,CCCTA,5
8,CCGAT,6
8,CCTTT,7
8,GGACA,8
9,unedited,0
9,ACAGT,1
9,ACTCC,2
9,ACTTA,3
9,GTTCA,4
9,TATAT,5
9,TCCAA,6
9,TGCCA,7
9,TTCCT,8
10,unedited,0
10,AATCG,1
10,ATCAA,2
10,ATTTA,3
10,CTCTC,4
10,CTTTG,5
10,GATAG,6
10,GCAAG,7
10,GCGCC,8
11,unedited,0
11,ACAAT,1
11,AGTAC,2
11,ATCAA,3
11,ATTCG,4
11,CCCTA,5
11,CCGAT,6
11,CCTTT,7
11,GGACA,8
12,unedited,0
12,ACAGT,1
12,ACTCC,2
12,ACTTA,3
12,GTTCA,4
12,TATAT,5
12,TCCAA,6
12,TGCCA,7
12,TTCCT,8
13,unedited,0
13,AATCG,1
13,ATCAA,2
13,ATTTA,3
13,CTCTC,4
13,CTTTG,5
13,GATAG,6
13,GCAAG,7
13,GCGCC,8
14,unedited,0
14,ACAAT,1
14,AGTAC,2
14,ATCAA,3
14,ATTCG,4
14,CCCTA,5
14,CCGAT,6
14,CCTTT,7
14,GGACA,8
15,unedited,0
15,ACAGT,1
15,ACTCC,2
15,ACTTA,3
15,GTTCA,4
15,TATAT,5
15,TCCAA,6
15,TGCCA,7
15,TTCCT,8
16,unedited,0
16,AATCG,1
16,ATCAA,2
16,ATTTA,3
16,CTCTC,4
16,CTTTG,5
16,GATAG,6
16,GCAAG,7
16,GCGCC,8
17,unedited,0
17,ACAAT,1
17,AGTAC,2
17,ATCAA,3
17,ATTCG,4
17,CCGAT,6
17,GGACA,8
18,unedited,0
18,ACAGT,1
18,ACTCC,2
18,ACTTA,3
18,TATAT,5
18,TCCAA,6
18,TGCCA,7
18,TTCCT,8
19,unedited,0
19,AATCG,1
19,ATCAA,2
19,ATTTA,3
19,CTCTC,4
19,CTTTG,5
19,GATAG,6
19,GCAAG,7
19,GCGCC,8
20,unedited,0
20,ACAAT,1
20,AGTAC,2
20,CCCTA,5
20,CCGAT,6
20,CCTTT,7
20,GGACA,8
21,unedited,0
21,ACAGT,1
21,ACTCC,2
21,TATAT,5
21,TCCAA,6
21,TTCCT,8
22,unedited,0
22,ATCAA,2
22,ATTTA,3
22,CTCTC,4
22,CTTTG,5
22,GATAG,6
22,GCAAG,7
22,GCGCC,8
23,unedited,0
23,ACAAT,1
23,AGTAC,2
23,ATCAA,3
23,ATTCG,4
23,CCCTA,5
23,CCGAT,6
23,CCTTT,7
23,GGACA,8
24,unedited,0
24,ACAGT,1
24,ACTCC,2
24,ACTTA,3
24,GTTCA,4
24,TATAT,5
24,TGCCA,7
24,TTCCT,8
25,unedited,0
25,AATCG,1
25,ATCAA,2
25,ATTTA,3
25,CTCTC,4
25,CTTTG,5
25,GATAG,6
25,GCAAG,7
25,GCGCC,8
26,unedited,0
26,ACAAT,1
26,AGTAC,2
26,ATCAA,3
26,ATTCG,4
26,CCCTA,5
26,CCGAT,6
26,CCTTT,7
26,GGACA,8
27,unedited,0
27,ACAGT,1
27,ACTCC,2
27,ACTTA,3
27,GTTCA,4
27,TATAT,5
27,TCCAA,6
27,TGCCA,7
27,TTCCT,8
28,unedited,0
28,AATCG,1
28,ATCAA,2
28,ATTTA,3
28,CTCTC,4
28,CTTTG,5
28,GATAG,6
28,GCAAG,7
28,GCGCC,8
29,unedited,0
29,ACAAT,1
29,AGTAC,2
29,ATCAA,3
29,ATTCG,4
29,CCCTA,5
29,CCTTT,7
29,GGACA,8
30,unedited,0
30,ACTCC,2
30,ACTTA,3
30,TTCCT,8
31,unedited,0
31,AATCG,1
31,ATCAA,2
31,ATTTA,3
31,CTCTC,4
31,CTTTG,5
31,GATAG,6
31,GCAAG,7
31,GCGCC,8
32,unedited,0
32,ACAAT,1
32,AGTAC,2
32,ATCAA,3
32,ATTCG,4
32,CCCTA,5
32,CCGAT,6
32,CCTTT,7
32,GGACA,8
33,unedited,0
33,ACAGT,1
33,ACTCC,2
33,ACTTA,3
33,GTTCA,4
33,TATAT,5
33,TCCAA,6
33,TGCCA,7
33,TTCCT,8
34,unedited,0
34,AATCG,1
34,ATCAA,2
34,ATTTA,3
34,CTCTC,4
34,CTTTG,5
34,GATAG,6
34,GCAAG,7
34,GCGCC,8
35,unedited,0
35,ACAAT,1
35,AGTAC,2
35,ATCAA,3
35,ATTCG,4
35,CCCTA,5
35,CCGAT,6
35,CCTTT,7
35,GGACA,8
36,unedited,0
36,ACAGT,1
36,ACTCC,2
36,TGCCA,7
37,unedited,0
37,AATCG,1
37,ATCAA,2
37,ATTTA,3
37,CTCTC,4
37,CTTTG,5
37,GATAG,6
37,GCAAG,7
37,GCGCC,8
38,unedited,0
38,ACAAT,1
38,AGTAC,2
38,ATCAA,3
38,ATTCG,4
38,CCCTA,5
38,CCGAT,6
38,CCTTT,7
38,GGACA,8
39,unedited,0
39,ACAGT,1
39,ACTCC,2
39,ACTTA,3
39,GTTCA,4
39,TATAT,5
39,TCCAA,6
39,TGCCA,7
39,TTCCT,8
40,unedited,0
40,AATCG,1
40,ATCAA,2
40,ATTTA,3
40,CTCTC,4
40,CTTTG,5
40,GATAG,6
40,GCAAG,7
40,GCGCC,8
41,unedited,0
41,ACAAT,1
41,AGTAC,2
41,ATCAA,3
41,CCCTA,5
41,CCTTT,7
41,GGACA,8
42,unedited,0
42,ACAGT,1
42,ACTCC,2
42,ACTTA,3
42,GTTCA,4
42,TATAT,5
42,TCCAA,6
42,TGCCA,7
42,TTCCT,8
43,unedited,0
43,AATCG,1
43,ATCAA,2
43,ATTTA,3
43,CTCTC,4
43,CTTTG,5
43,GATAG,6
43,GCAAG,7
43,GCGCC,8
44,unedited,0
44,ACAAT,1
44,AGTAC,2
44,ATTCG,4
44,CCCTA,5
44,GGACA,8
45,unedited,0
45,ACAGT,1
45,ACTCC,2
45,ACTTA,3
45,GTTCA,4
45,TATAT,5
45,TCCAA,6
45,TGCCA,7
45,TTCCT,8
46,unedited,0
46,AATCG,1
46,ATCAA,2
46,CTCTC,4
46,CTTTG,5
46,GCAAG,7
46,GCGCC,8
47,unedited,0
47,ACAAT,1
47,AGTAC,2
47,ATCAA,3
47,ATTCG,4
47,CCCTA,5
47,CCTTT,7
47,GGACA,8
