cell_name,0,1,2,3,4,5,6,7,8,9,10,11,12,13,14,15,16,17,18,19,20,21,22,23,24,25,26,27,28,29,30,31,32,33,34,35,36,37,38,39,40,41,42,43,44,45,46,47,48,49,50,51,52,53,54,55,56,57,58,59
4T1_preedited-1153,2,4,2,-1,-1,-1,-1,-1,-1,8,5,8,4,7,5,1,7,8,2,4,7,8,5,1,-1,-1,-1,3,2,3,3,4,2,2,5,2,-1,-1,-1,1,2,3,8,4,2,7,1,1,4,2,8,3,3,8,2,5,5,8,8,4
4T1_preedited-1199,-1,-1,-1,-1,-1,-1,8,1,7,8,5,1,4,7,5,1,7,8,2,0,1,-1,-1,-1,2,5,1,-1,-1,-1,3,4,2,-1,-1,-1,-1,-1,-1,1,2,3,2,4,2,-1,-1,-1,8,2,8,3,3,8,1,8,5,-1,-1,-1
4T1_preedited-1215,2,4,2,6,2,1,8,1,7,8,5,8,4,5,5,1,7,8,2,5,7,2,5,7,2,5,1,1,2,0,1,4,7,2,5,7,1,2,6,1,2,3,8,4,2,7,5,1,4,2,8,3,3,8,3,8,5,-1,-1,-1
4T1_preedited-1221,-1,-1,-1,6,2,1,8,1,7,-1,-1,-1,-1,-1,-1,1,7,8,1,4,8,8,5,1,-1,-1,-1,3,2,3,1,4,7,2,5,7,-1,-1,-1,2,0,7,8,4,2,7,5,1,2,5,1,1,1,1,-1,-1,-1,8,8,4
4T1_preedited-1234,-1,-1,-1,-1,-1,-1,8,1,7,8,5,8,2,5,7,-1,-1,-1,2,4,1,-1,-1,-1,2,5,1,-1,-1,-1,3,4,2,2,5,2,1,2,6,-1,-1,-1,-1,-1,-1,-1,-1,-1,4,2,8,3,1,8,3,8,5,8,8,7
4T1_preedited-1280,2,4,2,6,2,1,-1,-1,-1,8,5,8,-1,-1,-1,1,4,8,1,4,1,8,5,1,2,5,1,3,2,3,3,0,7,5,5,2,1,2,6,1,2,3,8,4,2,7,1,1,4,2,8,3,3,8,-1,-1,-1,2,5,0
4T1_preedited-1335,2,4,2,-1,-1,-1,8,1,7,8,5,8,4,7,5,1,7,8,2,4,7,8,5,1,2,5,1,3,2,3,3,4,2,5,5,2,1,2,6,1,2,3,8,4,2,7,1,1,8,5,0,3,3,8,3,8,5,8,8,4
4T1_preedited-1348,-1,-1,-1,6,2,1,2,1,7,-1,-1,-1,4,7,5,1,7,8,1,4,8,8,5,1,2,5,7,3,2,3,1,4,7,-1,-1,-1,1,2,8,1,2,3,8,4,2,-1,-1,-1,-1,-1,-1,3,3,8,-1,-1,-1,8,8,4
4T1_preedited-1349,2,4,2,6,2,1,8,1,7,2,5,7,8,5,7,2,4,7,1,0,8,8,5,1,-1,-1,-1,3,2,3,3,4,2,-1,-1,-1,1,2,6,-1,-1,-1,-1,-1,-1,7,1,1,-1,-1,-1,3,3,8,1,5,5,-1,-1,-1
4T1_preedited-14,2,4,2,-1,-1,-1,8,1,7,8,5,8,8,5,5,-1,-1,-1,1,4,8,-1,-1,-1,2,5,1,-1,-1,-1,3,4,2,2,5,7,-1,-1,-1,-1,-1,-1,-1,-1,-1,-1,-1,-1,4,2,8,-1,-1,-1,1,5,7,-1,-1,-1
4T1_preedited-1403,2,4,2,-1,-1,-1,-1,-1,-1,8,5,8,4,7,5,1,7,8,1,4,8,8,5,1,-1,-1,-1,3,2,3,-1,-1,-1,-1,-1,-1,1,2,6,1,2,3,-1,-1,-1,-1,-1,-1,4,2,8,-1,-1,-1,-1,-1,-1,-1,-1,-1
4T1_preedited-1420,-1,-1,-1,-1,-1,-1,-1,-1,-1,-1,-1,-1,-1,-1,-1,1,7,8,1,4,8,8,5,1,-1,-1,-1,-1,-1,-1,1,4,7,-1,-1,-1,1,2,6,-1,-1,-1,-1,-1,-1,7,1,1,-1,-1,-1,-1,-1,-1,3,0,5,-1,-1,-1
4T1_preedited-1500,2,4,2,6,2,1,8,1,7,8,5,8,4,7,5,1,7,8,1,4,8,8,5,1,2,5,1,3,2,3,1,4,2,5,5,2,1,2,6,1,2,3,8,4,2,7,1,1,4,2,8,3,3,8,3,8,5,8,8,7
4T1_preedited-1618,2,4,7,-1,-1,-1,8,1,7,2,5,7,4,7,5,1,7,8,1,4,8,8,5,1,-1,-1,-1,3,2,3,3,4,7,5,5,2,1,5,8,1,2,3,2,4,7,7,1,1,4,2,8,3,3,8,3,8,5,8,8,4
4T1_preedited-1634,2,4,2,6,2,1,8,1,7,2,5,7,-1,-1,-1,1,5,8,1,4,8,-1,-1,-1,2,5,1,3,2,3,3,4,2,5,5,2,-1,-1,-1,1,2,3,8,4,2,7,1,1,-1,-1,-1,-1,-1,-1,3,5,5,8,8,4
4T1_preedited-1643,2,4,2,6,2,1,8,5,7,8,5,8,2,5,7,1,7,8,1,4,8,8,5,1,2,5,1,3,2,3,3,4,2,-1,-1,-1,1,2,6,2,5,7,8,4,2,-1,-1,-1,4,2,8,-1,-1,-1,1,8,7,8,8,4
4T1_preedited-1647,2,4,2,6,2,1,-1,-1,-1,8,5,8,2,5,5,1,7,8,1,4,8,8,5,1,2,5,1,3,2,3,3,4,2,2,5,2,2,2,8,-1,-1,-1,2,4,7,7,1,1,4,2,8,1,1,1,3,8,5,8,8,4
4T1_preedited-1664,2,0,7,6,2,1,2,1,7,8,5,8,4,7,5,1,7,8,1,4,8,-1,-1,-1,2,5,1,3,2,3,-1,-1,-1,5,5,2,1,2,6,1,2,3,-1,-1,-1,7,1,1,5,2,8,3,3,8,3,8,5,8,8,4
4T1_preedited-1673,2,5,0,-1,-1,-1,8,5,7,8,5,8,5,5,7,1,7,8,1,4,8,8,5,1,-1,-1,-1,3,2,3,-1,-1,-1,-1,-1,-1,1,2,8,1,2,3,-1,-1,-1,7,1,1,4,2,8,-1,-1,-1,-1,-1,-1,-1,-1,-1
4T1_preedited-1696,2,4,2,-1,-1,-1,8,1,7,8,5,8,5,5,5,1,7,8,1,4,8,-1,-1,-1,2,5,1,3,2,3,1,4,4,2,5,0,1,2,6,-1,-1,-1,8,4,2,7,1,1,4,2,8,1,4,1,3,8,5,8,8,4
4T1_preedited-1792,-1,-1,-1,6,2,1,8,1,7,8,5,8,-1,-1,-1,1,7,8,1,4,8,8,5,1,2,5,1,1,5,1,2,0,2,2,5,2,2,5,5,1,2,3,-1,-1,-1,-1,-1,-1,4,0,2,3,3,8,-1,-1,-1,8,8,4
4T1_preedited-1817,2,4,2,6,2,1,8,1,7,8,5,1,4,7,5,2,5,7,1,4,8,-1,-1,-1,2,5,1,3,2,3,3,4,2,2,5,2,1,2,6,1,2,0,-1,-1,-1,7,1,1,4,2,8,3,3,8,3,8,5,8,8,4
4T1_preedited-1828,2,4,2,-1,-1,-1,8,1,7,-1,-1,-1,4,7,5,1,7,8,1,4,8,8,5,1,2,5,7,-1,-1,-1,3,4,2,5,5,2,1,2,6,1,2,3,2,4,2,-1,-1,-1,8,2,8,3,3,8,3,8,5,8,8,4
4T1_preedited-1855,2,4,2,6,2,1,8,1,7,8,5,8,4,7,5,1,7,8,1,4,0,-1,-1,-1,-1,-1,-1,3,2,3,3,4,2,-1,-1,-1,1,2,6,-1,-1,-1,8,4,2,7,1,1,4,2,8,3,3,8,3,8,5,8,8,4
4T1_preedited-1869,2,4,2,-1,-1,-1,8,1,7,8,5,8,4,5,7,1,7,8,2,4,1,8,0,1,-1,-1,-1,3,2,3,3,4,2,2,5,2,1,2,6,2,2,0,0,4,7,7,1,1,4,2,8,3,3,8,3,8,5,8,8,4
4T1_preedited-1892,2,4,2,6,2,1,8,1,7,8,5,8,4,7,5,1,7,8,1,4,8,8,5,1,2,5,1,3,2,3,3,4,2,-1,-1,-1,1,2,6,1,2,3,8,4,2,7,1,1,4,2,8,3,3,8,3,8,5,8,8,4
4T1_preedited-19,-1,-1,-1,6,2,1,8,1,7,8,5,8,-1,-1,-1,1,7,0,1,4,8,8,5,1,2,5,1,3,2,3,-1,-1,-1,5,5,2,1,2,8,1,2,3,8,4,2,-1,-1,-1,-1,-1,-1,-1,-1,-1,3,8,5,8,8,4
4T1_preedited-1915,2,4,2,2,2,1,8,1,7,-1,-1,-1,4,7,5,1,7,8,1,4,8,2,5,1,2,5,1,3,2,3,3,4,2,-1,-1,-1,-1,-1,-1,1,2,3,8,4,2,7,5,1,4,2,8,3,3,8,3,8,5,8,8,4
4T1_preedited-2044,2,4,2,-1,-1,-1,2,5,7,8,5,8,4,7,5,1,7,8,-1,-1,-1,8,5,1,-1,-1,-1,3,2,3,3,4,2,2,5,7,2,0,5,1,2,3,-1,-1,-1,7,5,1,4,2,8,1,1,8,3,8,5,-1,-1,-1
4T1_preedited-2077,2,4,2,6,2,1,8,1,7,2,5,1,-1,-1,-1,-1,-1,-1,1,4,8,-1,-1,-1,2,5,1,3,2,3,-1,-1,-1,2,5,2,1,2,8,-1,-1,-1,2,4,2,7,1,1,4,2,8,3,3,8,2,5,5,2,5,5
4T1_preedited-2094,2,0,7,-1,-1,-1,8,1,7,8,5,8,-1,-1,-1,-1,-1,-1,1,4,8,8,5,1,2,5,1,3,6,3,3,4,2,5,5,2,1,2,6,-1,-1,-1,-1,-1,-1,7,1,1,-1,-1,-1,3,3,8,3,8,5,8,8,4
4T1_preedited-2154,2,4,2,-1,-1,-1,8,1,7,8,5,8,4,7,5,1,7,8,2,5,1,8,5,1,2,5,1,3,2,3,-1,-1,-1,-1,-1,-1,1,2,8,-1,-1,-1,-1,-1,-1,2,5,7,5,2,8,3,3,8,3,8,5,2,5,5
4T1_preedited-2218,-1,-1,-1,6,2,1,8,1,7,8,5,8,4,7,5,1,5,8,1,4,8,8,5,1,2,0,1,-1,-1,-1,3,4,2,5,5,2,-1,-1,-1,1,2,3,8,4,2,7,1,1,4,2,8,1,1,8,-1,-1,-1,8,8,4
4T1_preedited-2238,-1,-1,-1,-1,-1,-1,2,5,7,8,5,8,4,1,5,1,7,8,1,4,8,8,5,1,-1,-1,-1,3,2,3,3,4,2,-1,-1,-1,1,2,6,-1,-1,-1,8,4,2,7,1,1,-1,-1,-1,3,3,8,-1,-1,-1,8,5,7
4T1_preedited-2240,-1,-1,-1,-1,-1,-1,8,1,7,-1,-1,-1,4,7,5,1,7,8,-1,-1,-1,-1,-1,-1,-1,-1,-1,-1,-1,-1,3,4,2,5,5,2,1,2,6,1,2,3,-1,-1,-1,-1,-1,-1,-1,-1,-1,3,3,8,3,8,5,2,0,0
4T1_preedited-2362,2,4,2,-1,-1,-1,8,1,7,8,5,8,2,5,5,1,7,8,1,4,8,8,5,1,-1,-1,-1,3,2,3,3,4,2,5,5,2,-1,-1,-1,1,2,3,8,4,2,-1,-1,-1,-1,-1,-1,-1,-1,-1,3,8,5,-1,-1,-1
4T1_preedited-2369,2,4,2,-1,-1,-1,8,1,7,8,5,1,-1,-1,-1,-1,-1,-1,2,4,1,8,5,1,-1,-1,-1,1,5,1,1,0,2,2,5,2,-1,-1,-1,-1,-1,-1,2,0,7,-1,-1,-1,2,2,1,1,1,1,2,5,7,2,5,5
4T1_preedited-2374,2,4,2,6,2,1,8,1,7,8,5,8,-1,-1,-1,1,7,8,2,4,7,-1,-1,-1,2,5,1,3,2,3,3,4,2,5,5,2,1,2,6,1,2,3,-1,-1,-1,7,1,1,-1,-1,-1,3,1,8,3,8,5,8,8,4
4T1_preedited-2468,2,4,2,-1,-1,-1,-1,-1,-1,-1,-1,-1,4,7,5,1,7,8,1,4,8,8,5,1,2,5,1,3,2,3,3,4,2,5,5,2,1,5,1,1,2,3,-1,-1,-1,7,1,1,-1,-1,-1,3,3,8,-1,-1,-1,8,8,4
4T1_preedited-25,2,4,2,6,2,1,8,1,7,8,5,8,2,5,7,-1,-1,-1,-1,-1,-1,8,5,1,2,5,1,-1,-1,-1,-1,-1,-1,-1,-1,-1,1,2,6,1,2,3,-1,-1,-1,7,1,1,-1,-1,-1,3,3,8,3,8,5,8,8,4
4T1_preedited-2506,2,4,2,-1,-1,-1,-1,-1,-1,8,5,8,8,5,7,1,4,8,1,4,8,8,5,1,-1,-1,-1,3,2,3,3,0,2,5,5,2,-1,-1,-1,1,2,3,-1,-1,-1,7,1,1,-1,-1,-1,1,1,7,2,5,7,-1,-1,-1
4T1_preedited-2568,2,4,2,-1,-1,-1,8,1,7,-1,-1,-1,4,1,5,1,5,8,1,4,8,8,5,1,2,5,7,3,2,3,3,4,2,-1,-1,-1,1,2,6,1,2,3,8,4,2,7,1,1,4,2,8,3,3,8,3,8,5,2,5,0
4T1_preedited-2571,2,4,2,6,2,1,8,1,7,8,5,8,5,5,5,1,7,8,1,4,1,8,5,1,2,5,1,3,2,3,1,4,2,2,5,2,1,2,6,-1,-1,-1,8,0,2,7,1,1,4,2,8,1,1,1,3,0,5,8,8,4
4T1_preedited-2680,2,4,2,6,2,1,-1,-1,-1,8,5,8,4,5,5,1,7,8,1,4,8,2,5,1,2,5,1,3,2,3,3,4,2,-1,-1,-1,1,2,6,1,2,3,8,4,2,-1,-1,-1,8,2,8,3,3,8,3,8,5,8,8,4
4T1_preedited-2708,2,4,2,6,2,1,8,1,7,8,5,8,4,7,5,2,5,2,1,4,8,8,5,1,-1,-1,-1,3,2,3,3,4,2,5,5,2,2,5,7,1,2,3,8,4,2,7,1,1,4,2,8,3,3,8,-1,-1,-1,8,8,4
4T1_preedited-2728,2,4,2,6,2,1,8,1,7,8,5,1,4,7,5,1,7,8,1,4,8,8,5,1,2,5,1,3,2,3,3,4,7,5,5,2,-1,-1,-1,1,2,3,-1,-1,-1,7,1,1,4,2,8,3,3,8,3,8,5,8,8,4
4T1_preedited-2737,2,4,2,6,2,1,8,1,7,8,5,8,4,7,5,2,5,7,1,4,7,8,5,1,2,5,1,2,5,7,-1,-1,-1,5,5,2,1,2,6,1,5,7,-1,-1,-1,7,1,1,-1,-1,-1,3,1,8,3,8,5,8,8,4
4T1_preedited-2740,2,4,2,6,2,1,8,1,7,8,5,8,4,7,5,1,7,8,1,4,1,8,5,1,2,5,1,3,2,3,3,4,2,5,5,2,1,2,6,1,2,3,-1,-1,-1,7,1,1,4,2,8,3,3,8,3,8,5,8,8,0
4T1_preedited-2742,2,4,2,6,2,1,8,1,7,2,5,1,4,7,5,1,5,8,1,4,8,8,5,1,2,5,1,3,2,3,3,4,2,5,5,2,1,2,6,-1,-1,-1,-1,-1,-1,7,1,1,4,2,8,3,3,8,3,8,5,8,0,5
4T1_preedited-2762,2,4,2,6,2,1,8,1,7,8,5,8,4,7,5,-1,-1,-1,1,4,8,2,5,1,2,5,1,3,2,3,3,4,2,5,5,2,1,2,6,1,2,3,8,4,2,7,1,1,-1,-1,-1,3,3,8,3,8,5,2,5,1
4T1_preedited-2835,2,4,7,6,2,1,-1,-1,-1,-1,-1,-1,4,7,5,1,7,8,1,4,8,8,5,1,-1,-1,-1,3,2,3,3,4,2,5,5,2,2,2,5,1,2,3,-1,-1,-1,7,1,1,-1,-1,-1,2,3,7,1,5,5,2,5,1
4T1_preedited-2862,2,4,2,6,2,1,2,1,7,8,5,8,4,7,5,1,7,8,1,4,8,-1,-1,-1,2,5,1,-1,-1,-1,-1,-1,-1,5,5,2,1,2,6,1,2,3,8,4,2,7,1,1,4,2,8,3,3,8,3,0,5,8,8,4
4T1_preedited-2912,2,4,2,6,2,1,8,1,7,8,5,8,4,7,5,2,5,7,-1,-1,-1,2,5,1,-1,-1,-1,3,2,3,-1,-1,-1,-1,-1,-1,-1,-1,-1,1,2,3,8,4,2,7,1,1,4,2,8,3,3,8,3,8,5,-1,-1,-1
4T1_preedited-3031,2,4,2,6,2,1,-1,-1,-1,8,5,8,4,5,5,1,7,8,2,5,7,-1,-1,-1,2,5,1,-1,-1,-1,-1,-1,-1,5,5,2,-1,-1,-1,-1,-1,-1,8,4,2,7,1,1,4,2,8,3,3,8,3,8,5,8,8,4
4T1_preedited-3055,2,4,2,-1,-1,-1,8,5,7,2,5,8,-1,-1,-1,1,7,8,1,4,8,-1,-1,-1,2,5,1,3,2,3,3,4,2,5,5,2,1,2,6,-1,-1,-1,-1,-1,-1,-1,-1,-1,4,2,8,3,3,8,-1,-1,-1,8,8,4
4T1_preedited-3130,2,4,2,6,2,1,-1,-1,-1,8,5,8,4,7,5,1,7,8,1,4,8,-1,-1,-1,2,5,7,3,2,3,0,0,7,2,5,2,1,2,6,1,2,3,-1,-1,-1,7,1,1,-1,-1,-1,1,1,8,-1,-1,-1,2,8,4
4T1_preedited-3185,2,4,2,6,2,1,8,1,7,-1,-1,-1,2,5,7,1,5,1,1,4,8,8,5,1,-1,-1,-1,3,2,3,3,4,2,5,5,2,-1,-1,-1,-1,-1,-1,-1,-1,-1,7,1,1,4,2,8,-1,-1,-1,3,8,5,8,8,4
4T1_preedited-3201,2,4,2,-1,-1,-1,0,1,7,2,5,8,4,7,5,1,7,8,1,5,1,8,5,1,2,5,1,3,2,3,3,4,2,5,5,2,1,2,6,-1,-1,-1,-1,-1,-1,7,1,1,-1,-1,-1,3,3,8,3,8,5,8,0,5
4T1_preedited-3203,2,4,2,-1,-1,-1,2,1,7,2,5,1,5,7,5,1,7,8,1,4,8,-1,-1,-1,2,5,1,1,5,0,3,4,2,-1,-1,-1,-1,-1,-1,1,2,3,-1,-1,-1,7,1,1,-1,-1,-1,3,3,8,3,8,5,8,8,4
4T1_preedited-3290,2,4,2,-1,-1,-1,8,1,7,2,5,7,4,7,5,1,7,8,1,4,8,2,5,1,2,5,1,3,2,3,3,4,2,5,5,2,2,5,7,1,2,3,8,4,2,7,1,1,4,2,8,3,3,8,-1,-1,-1,2,5,7
4T1_preedited-3309,2,4,2,6,2,1,-1,-1,-1,-1,-1,-1,-1,-1,-1,1,7,8,2,4,7,8,5,1,2,5,1,-1,-1,-1,1,4,7,-1,-1,-1,-1,-1,-1,-1,-1,-1,2,4,7,7,1,1,2,0,7,3,3,8,1,5,7,8,8,4
4T1_preedited-3350,-1,-1,-1,6,2,1,8,1,7,8,5,8,-1,-1,-1,1,7,8,1,4,8,8,5,7,-1,-1,-1,-1,-1,-1,3,4,2,5,5,2,1,2,6,1,2,0,8,4,2,7,1,1,4,2,8,3,3,8,3,8,5,8,8,4
4T1_preedited-3381,-1,-1,-1,6,2,1,-1,-1,-1,2,5,1,4,7,5,1,5,8,2,4,1,8,5,1,-1,-1,-1,1,2,3,3,4,2,5,5,2,-1,-1,-1,-1,-1,-1,2,4,8,7,1,1,4,2,8,3,3,8,3,8,5,8,8,4
4T1_preedited-3386,2,4,2,2,2,1,8,1,7,8,5,8,8,7,5,1,7,8,2,4,8,-1,-1,-1,2,5,1,3,2,3,3,4,2,5,5,2,1,2,6,-1,-1,-1,-1,-1,-1,7,1,1,5,2,8,-1,-1,-1,3,8,5,-1,-1,-1
4T1_preedited-3421,-1,-1,-1,-1,-1,-1,8,1,7,8,5,8,8,5,5,-1,-1,-1,1,4,8,8,5,1,2,5,1,-1,-1,-1,3,4,2,5,5,2,-1,-1,-1,1,2,3,8,4,2,7,1,1,4,2,8,3,3,8,3,8,5,8,4,4
4T1_preedited-3458,2,4,2,-1,-1,-1,8,1,7,8,5,8,-1,-1,-1,1,7,8,2,4,7,8,0,1,2,5,1,2,2,3,3,4,2,2,5,7,1,2,6,-1,-1,-1,8,4,2,7,1,1,4,2,8,3,3,8,3,8,5,8,8,4
4T1_preedited-3462,2,4,2,6,2,1,8,1,7,2,5,8,4,7,5,1,7,8,1,4,8,8,5,1,2,5,1,1,5,3,3,4,2,2,5,2,1,2,6,-1,-1,-1,8,4,2,7,1,1,8,2,8,3,3,8,3,8,5,8,8,4
4T1_preedited-3466,2,4,2,-1,-1,-1,8,1,7,8,5,8,4,7,7,2,7,1,1,4,8,8,5,1,2,5,1,3,2,3,3,4,2,2,5,2,1,2,6,-1,-1,-1,8,4,2,7,1,1,4,2,8,3,1,8,3,8,5,8,8,4
4T1_preedited-3477,-1,-1,-1,-1,-1,-1,2,1,7,8,5,8,2,5,7,1,7,8,1,4,8,8,5,1,2,5,1,3,2,3,3,4,2,2,5,2,1,2,8,-1,-1,-1,2,0,7,7,1,1,-1,-1,-1,1,1,1,3,8,5,2,0,5
4T1_preedited-35,-1,-1,-1,-1,-1,-1,-1,-1,-1,-1,-1,-1,-1,-1,-1,-1,-1,-1,1,4,0,8,5,1,-1,-1,-1,-1,-1,-1,-1,-1,-1,-1,-1,-1,1,2,6,1,2,3,-1,-1,-1,-1,-1,-1,4,2,8,-1,-1,-1,3,8,5,-1,-1,-1
4T1_preedited-3597,2,4,2,-1,-1,-1,8,1,7,-1,-1,-1,4,7,5,2,5,7,1,4,8,8,5,1,-1,-1,-1,3,2,3,7,4,7,-1,-1,-1,1,2,6,1,2,3,-1,-1,-1,7,1,1,4,2,8,3,3,8,3,8,5,6,2,1
4T1_preedited-3609,2,4,2,-1,-1,-1,8,1,7,8,5,8,8,5,7,1,5,8,1,4,8,8,5,1,2,5,1,3,2,0,2,0,7,2,5,2,-1,-1,-1,2,5,0,8,4,2,7,1,1,4,2,8,3,1,8,3,8,5,8,0,1
4T1_preedited-3612,2,4,2,6,2,1,-1,-1,-1,8,5,8,4,7,5,1,7,8,1,4,8,-1,-1,-1,2,5,1,3,2,3,3,4,2,5,5,2,-1,-1,-1,1,2,3,2,5,2,7,1,1,-1,-1,-1,3,3,8,3,8,5,2,5,5
4T1_preedited-3637,2,4,2,6,2,1,2,5,7,-1,-1,-1,-1,-1,-1,1,7,8,1,4,8,8,5,1,2,5,1,3,2,3,3,4,2,-1,-1,-1,-1,-1,-1,1,2,3,8,4,2,7,1,1,4,2,8,3,3,8,3,5,5,8,8,4
4T1_preedited-3737,-1,-1,-1,6,2,1,8,5,7,8,5,8,8,5,7,1,7,7,2,5,7,2,5,7,2,5,1,-1,-1,-1,3,4,2,2,5,7,2,2,6,1,2,3,-1,-1,-1,7,5,1,-1,-1,-1,3,3,8,2,6,0,2,5,5
4T1_preedited-376,2,4,7,-1,-1,-1,8,1,7,8,5,8,4,7,5,1,7,8,1,4,8,8,5,1,2,5,1,3,2,3,3,4,2,5,5,2,1,2,6,1,2,3,8,4,2,7,1,1,4,2,8,3,3,8,-1,-1,-1,2,0,7
4T1_preedited-3791,2,4,2,-1,-1,-1,8,1,7,8,5,8,4,7,5,-1,-1,-1,-1,-1,-1,8,5,1,2,5,1,3,2,3,2,4,2,5,5,2,-1,-1,-1,1,2,3,-1,-1,-1,7,1,1,4,2,8,3,3,8,3,8,5,8,8,4
4T1_preedited-3792,2,4,2,6,2,1,2,5,7,8,5,8,4,5,7,1,7,8,1,4,8,8,5,1,2,5,1,3,2,3,3,4,2,5,5,2,1,2,6,1,2,3,2,4,2,-1,-1,-1,4,2,8,3,3,8,3,8,5,8,8,4
4T1_preedited-3832,2,4,2,-1,-1,-1,8,1,7,8,5,8,4,7,5,1,7,1,-1,-1,-1,8,5,1,2,5,1,3,2,3,3,4,2,2,5,7,-1,-1,-1,-1,-1,-1,-1,-1,-1,7,1,1,4,2,8,-1,-1,-1,-1,-1,-1,8,8,4
4T1_preedited-3851,2,0,2,-1,-1,-1,8,5,7,2,5,7,4,5,5,1,7,8,2,5,7,8,5,1,2,5,1,3,2,3,3,4,2,2,5,7,1,2,6,1,2,3,2,4,2,7,5,1,2,2,7,-1,-1,-1,-1,-1,-1,8,8,4
4T1_preedited-3907,2,4,2,-1,-1,-1,8,1,7,8,5,8,4,7,5,1,7,8,1,4,8,8,5,1,2,5,1,3,2,3,3,4,2,5,5,2,1,5,8,-1,-1,-1,8,4,2,7,1,1,4,2,8,3,3,8,3,8,5,8,8,4
4T1_preedited-3916,2,4,7,-1,-1,-1,8,1,7,-1,-1,-1,2,5,7,1,7,8,2,4,7,-1,-1,-1,-1,-1,-1,3,2,3,1,4,7,2,5,7,-1,-1,-1,1,2,3,-1,-1,-1,7,1,1,4,2,8,1,1,8,3,8,5,2,0,5
4T1_preedited-3940,-1,-1,-1,-1,-1,-1,8,1,7,-1,-1,-1,4,5,5,1,7,8,7,0,1,8,5,1,2,5,1,3,2,3,3,4,2,5,5,2,1,2,6,-1,-1,-1,8,4,2,7,1,1,4,2,8,-1,-1,-1,1,5,5,8,8,7
4T1_preedited-3945,2,4,2,6,2,1,2,1,7,-1,-1,-1,4,7,5,1,7,1,1,4,8,-1,-1,-1,2,5,1,3,2,3,3,4,2,5,0,2,1,2,6,1,2,3,-1,-1,-1,7,1,1,4,2,8,-1,-1,-1,3,8,5,8,8,4
4T1_preedited-3996,2,4,2,6,2,1,8,1,7,2,5,7,4,7,5,1,7,8,1,4,7,8,5,1,2,5,1,3,2,0,3,4,2,2,5,2,-1,-1,-1,-1,-1,-1,8,4,2,7,1,1,-1,-1,-1,-1,-1,-1,3,8,5,8,8,4
4T1_preedited-4002,2,4,2,-1,-1,-1,8,1,7,8,5,8,4,7,5,1,7,8,1,4,8,8,5,1,-1,-1,-1,3,2,3,3,4,2,5,5,7,1,2,6,1,2,3,8,4,2,7,1,1,4,2,8,-1,-1,-1,3,8,5,8,8,4
4T1_preedited-4004,2,4,2,6,2,1,8,1,7,8,5,8,4,7,5,1,7,8,2,4,8,2,5,7,2,5,1,-1,-1,-1,3,4,2,2,5,2,-1,-1,-1,1,2,3,2,4,7,7,5,1,-1,-1,-1,3,3,8,3,8,5,8,5,4
4T1_preedited-4016,2,4,2,-1,-1,-1,8,1,7,8,5,8,-1,-1,-1,1,7,8,1,4,8,8,5,1,2,5,1,3,2,3,-1,-1,-1,2,5,7,-1,-1,-1,-1,-1,-1,2,4,2,7,1,1,4,2,8,2,1,7,3,8,5,-1,-1,-1
4T1_preedited-4018,-1,-1,-1,6,2,1,2,1,7,-1,-1,-1,4,7,5,2,5,1,1,4,7,8,5,1,2,5,1,3,2,3,3,4,2,5,5,2,1,2,8,-1,-1,-1,8,4,2,7,1,7,4,2,8,3,1,8,3,8,5,8,8,4
4T1_preedited-4020,-1,-1,-1,-1,-1,-1,2,5,7,8,5,8,4,4,5,1,7,8,1,4,8,8,5,1,2,5,1,3,2,3,3,4,2,-1,-1,-1,-1,-1,-1,1,2,3,8,4,2,-1,-1,-1,-1,-1,-1,-1,-1,-1,3,8,5,-1,-1,-1
4T1_preedited-4049,2,0,7,6,2,1,-1,-1,-1,2,5,8,2,5,7,2,5,1,1,4,8,8,5,1,-1,-1,-1,1,5,0,2,4,7,5,5,2,-1,-1,-1,-1,-1,-1,-1,-1,-1,7,1,1,-1,-1,-1,1,1,8,-1,-1,-1,8,8,4
4T1_preedited-4130,-1,-1,-1,-1,-1,-1,8,1,7,-1,-1,-1,4,7,5,1,7,8,-1,-1,-1,2,5,7,2,5,1,0,5,1,3,4,2,5,5,2,-1,-1,-1,-1,-1,-1,-1,-1,-1,7,1,1,-1,-1,-1,1,1,8,3,8,5,2,5,0
4T1_preedited-4163,2,4,2,6,2,1,8,1,7,8,5,8,4,7,5,1,7,8,1,4,8,8,5,1,2,5,1,3,2,3,3,4,2,2,5,7,1,2,6,1,2,3,8,4,2,7,1,1,4,2,8,3,3,8,-1,-1,-1,8,8,4
4T1_preedited-4190,2,4,2,-1,-1,-1,8,1,7,8,5,8,4,7,5,-1,-1,-1,1,4,8,8,5,1,2,5,1,3,2,3,3,4,2,5,5,2,-1,-1,-1,1,2,3,8,4,2,7,1,1,-1,-1,-1,3,3,8,3,8,5,8,8,4
4T1_preedited-4195,2,4,2,6,2,1,8,1,7,8,5,8,4,7,5,1,7,8,1,4,8,8,5,1,2,5,1,3,2,3,3,4,2,5,5,2,1,2,6,-1,-1,-1,8,4,2,7,1,1,4,2,8,3,3,8,3,8,5,8,8,4
4T1_preedited-4196,2,4,2,6,2,1,8,1,7,2,5,8,4,7,5,1,7,8,1,4,8,8,5,1,2,5,1,3,2,3,3,4,2,-1,-1,-1,1,5,6,1,2,3,8,4,2,-1,-1,-1,4,2,8,3,3,8,3,8,5,8,8,4
4T1_preedited-4202,2,4,2,6,2,1,-1,-1,-1,8,5,8,4,5,5,1,7,8,-1,-1,-1,8,5,1,2,5,1,1,5,7,3,4,2,2,5,2,-1,-1,-1,1,2,3,-1,-1,-1,7,1,1,2,5,1,3,3,8,3,8,5,8,8,4
4T1_preedited-4272,2,4,2,-1,-1,-1,8,1,7,2,5,8,4,7,5,-1,-1,-1,1,4,8,8,5,1,2,5,1,3,2,3,3,4,2,5,5,2,1,2,3,-1,-1,-1,2,5,7,7,1,1,4,2,8,3,3,8,-1,-1,-1,8,8,4
4T1_preedited-4276,2,4,2,6,2,1,2,5,7,2,5,8,2,5,7,2,5,7,2,5,7,8,5,1,2,5,1,3,2,3,-1,-1,-1,2,5,7,1,2,8,-1,-1,-1,-1,-1,-1,7,5,1,4,2,8,-1,-1,-1,1,0,5,8,8,4
4T1_preedited-4344,2,4,7,6,2,1,8,1,7,8,5,8,4,5,7,1,7,8,1,4,8,8,5,1,2,5,1,0,5,7,3,4,2,2,5,2,1,2,6,1,2,3,8,4,2,7,5,1,4,2,8,3,3,8,3,8,7,-1,-1,-1
4T1_preedited-4430,2,4,2,6,2,1,8,1,7,8,5,8,4,7,5,1,7,8,1,4,8,8,5,1,2,5,1,3,2,3,3,4,2,5,5,2,1,2,6,1,2,3,8,4,2,7,1,1,4,2,8,-1,-1,-1,3,8,5,8,8,4
4T1_preedited-4448,2,4,2,6,2,1,8,5,7,8,5,8,-1,-1,-1,2,5,1,2,4,7,8,5,1,2,5,1,-1,-1,-1,3,4,2,-1,-1,-1,1,2,6,1,2,3,-1,-1,-1,7,5,1,4,2,8,2,5,7,3,8,5,8,0,0
4T1_preedited-4456,2,0,7,-1,-1,-1,8,5,7,8,5,8,4,7,5,-1,-1,-1,1,4,8,-1,-1,-1,2,5,1,-1,-1,-1,1,4,2,2,5,2,-1,-1,-1,2,5,7,-1,-1,-1,-1,-1,-1,4,2,8,3,3,8,3,8,5,8,8,0
4T1_preedited-4478,2,4,2,-1,-1,-1,-1,-1,-1,-1,-1,-1,5,5,5,1,7,8,-1,-1,-1,8,5,1,-1,-1,-1,2,5,7,-1,-1,-1,-1,-1,-1,2,5,8,1,2,3,8,4,2,7,1,1,-1,-1,-1,3,3,8,3,5,5,-1,-1,-1
4T1_preedited-4506,2,4,2,-1,-1,-1,8,1,7,8,5,8,-1,-1,-1,1,5,7,1,4,8,8,5,1,2,5,1,2,5,7,-1,-1,-1,5,5,2,1,2,6,1,2,3,-1,-1,-1,7,1,1,4,2,8,3,3,8,3,8,5,-1,-1,-1
4T1_preedited-4539,2,4,2,6,2,1,-1,-1,-1,8,5,8,4,7,5,2,7,8,1,4,8,8,5,1,-1,-1,-1,3,2,3,3,4,7,2,5,2,1,2,6,1,2,3,8,4,2,-1,-1,-1,8,2,8,3,3,8,3,8,5,2,5,7
4T1_preedited-4575,2,4,3,-1,-1,-1,2,5,7,2,5,7,8,5,7,2,5,7,1,4,8,-1,-1,-1,-1,-1,-1,1,2,0,-1,-1,-1,5,5,2,-1,-1,-1,-1,-1,-1,2,4,7,7,1,1,4,2,8,1,1,8,3,8,5,8,8,4
4T1_preedited-4617,2,4,2,-1,-1,-1,8,1,7,8,5,8,-1,-1,-1,1,5,1,1,4,8,8,5,1,2,5,1,3,2,3,3,4,2,5,5,2,1,2,6,-1,-1,-1,8,4,2,-1,-1,-1,4,2,8,3,3,8,3,8,5,-1,-1,-1
4T1_preedited-4786,2,4,2,6,2,1,8,1,7,8,5,8,-1,-1,-1,2,7,1,2,0,7,8,5,1,2,5,1,1,2,0,3,4,7,5,5,2,2,5,5,1,2,3,8,4,2,7,1,1,4,2,8,3,3,8,3,8,5,8,8,0
4T1_preedited-479,2,4,2,6,2,1,8,1,7,8,5,8,8,5,7,1,7,8,1,4,8,8,5,1,2,5,1,3,2,3,3,4,2,5,5,2,1,5,6,1,2,3,-1,-1,-1,7,1,1,4,2,8,3,3,8,3,8,5,8,8,7
4T1_preedited-4820,-1,-1,-1,6,2,1,8,1,7,8,5,8,0,5,5,1,7,8,1,4,8,8,0,1,2,5,1,3,2,3,3,4,2,2,5,0,-1,-1,-1,1,2,3,-1,-1,-1,7,1,1,4,2,8,3,3,8,3,8,5,8,8,4
4T1_preedited-4823,2,4,2,6,2,1,8,1,7,-1,-1,-1,4,7,5,1,7,8,1,4,8,8,5,1,2,5,1,3,2,3,3,4,2,5,5,2,1,2,6,-1,-1,-1,2,0,2,7,1,1,4,2,8,3,3,8,3,8,5,8,8,4
4T1_preedited-4825,2,4,2,6,2,1,8,1,7,8,5,8,4,7,5,1,7,8,-1,-1,-1,8,5,1,2,5,7,3,2,3,1,4,7,5,5,2,-1,-1,-1,1,2,3,8,4,2,7,1,1,-1,-1,-1,3,3,8,3,8,5,8,8,4
4T1_preedited-4827,2,4,2,6,2,1,8,1,7,2,5,1,5,5,7,1,7,8,1,4,8,8,5,1,2,5,1,3,2,3,3,4,2,5,5,2,1,5,8,1,2,3,8,4,2,7,1,1,2,5,7,3,3,8,3,8,5,8,8,4
4T1_preedited-4863,2,4,2,6,2,1,-1,-1,-1,8,5,8,4,4,5,1,7,8,1,4,8,-1,-1,-1,2,5,1,-1,-1,-1,3,4,2,5,5,2,1,2,6,-1,-1,-1,8,4,2,-1,-1,-1,-1,-1,-1,-1,-1,-1,3,8,5,8,8,4
4T1_preedited-4889,2,4,2,-1,-1,-1,8,1,7,8,5,8,4,5,5,1,5,8,2,4,8,8,5,1,2,5,1,3,2,3,2,4,7,5,5,2,-1,-1,-1,1,2,3,8,4,2,7,1,1,5,2,8,3,1,8,3,8,5,8,0,0
4T1_preedited-4898,2,0,7,6,2,1,8,1,7,-1,-1,-1,2,5,7,1,7,8,2,4,1,8,5,1,-1,-1,-1,2,5,1,3,4,2,2,5,2,2,5,6,1,2,3,-1,-1,-1,7,5,1,4,2,8,3,3,8,3,8,5,8,8,4
4T1_preedited-4947,2,4,2,-1,-1,-1,-1,-1,-1,8,5,1,-1,-1,-1,1,7,8,1,4,8,8,5,1,2,5,1,-1,-1,-1,3,4,2,2,5,2,-1,-1,-1,-1,-1,-1,-1,-1,-1,7,1,1,4,2,8,0,5,1,3,8,5,8,8,4
4T1_preedited-5019,-1,-1,-1,6,2,1,-1,-1,-1,8,5,8,-1,-1,-1,1,7,8,-1,-1,-1,8,5,1,-1,-1,-1,3,2,3,3,4,2,-1,-1,-1,1,2,8,-1,-1,-1,-1,-1,-1,7,5,1,-1,-1,-1,3,3,8,-1,-1,-1,8,8,4
4T1_preedited-5161,2,4,2,6,2,1,2,1,7,8,5,8,4,7,5,1,7,8,1,4,8,2,5,1,2,5,7,2,5,7,3,4,2,-1,-1,-1,1,2,6,1,2,3,8,4,2,7,1,1,8,2,8,3,3,8,-1,-1,-1,8,8,4
4T1_preedited-5163,2,4,2,-1,-1,-1,8,1,7,8,5,8,-1,-1,-1,1,7,8,2,4,8,8,5,1,2,5,1,3,2,3,3,4,2,5,5,2,1,2,6,1,2,3,8,4,2,7,1,7,-1,-1,-1,3,3,8,2,0,5,-1,-1,-1
4T1_preedited-5275,2,4,2,6,2,1,8,1,7,8,5,8,4,7,5,1,7,8,-1,-1,-1,8,5,1,2,5,1,2,2,0,3,4,2,5,5,2,1,2,6,1,2,3,8,4,2,7,1,7,-1,-1,-1,3,3,8,1,7,5,8,8,4
4T1_preedited-5339,2,4,2,6,5,1,-1,-1,-1,-1,-1,-1,2,5,5,2,5,7,1,4,8,8,5,1,-1,-1,-1,-1,-1,-1,3,4,2,5,5,2,1,2,8,-1,-1,-1,-1,-1,-1,7,1,1,-1,-1,-1,3,1,8,3,8,5,2,5,5
4T1_preedited-5366,2,4,2,6,2,1,8,1,7,2,5,1,2,5,7,1,7,8,2,0,1,-1,-1,-1,2,0,1,3,2,3,-1,-1,-1,2,5,2,1,2,6,-1,-1,-1,8,0,7,7,5,7,-1,-1,-1,3,3,8,-1,-1,-1,-1,-1,-1
4T1_preedited-5407,-1,-1,-1,-1,-1,-1,8,1,7,-1,-1,-1,4,7,5,2,5,1,1,0,1,-1,-1,-1,2,5,7,-1,-1,-1,3,4,2,5,5,2,1,2,6,1,2,3,2,4,2,7,1,1,-1,-1,-1,-1,-1,-1,1,0,5,8,8,4
4T1_preedited-5428,2,4,2,-1,-1,-1,-1,-1,-1,8,5,8,8,5,7,1,7,8,2,0,8,2,5,1,2,5,1,-1,-1,-1,3,4,2,-1,-1,-1,-1,-1,-1,1,2,3,-1,-1,-1,7,1,1,4,2,8,3,3,8,3,8,5,8,8,4
4T1_preedited-5458,2,4,2,6,2,1,8,1,7,8,5,8,4,5,5,1,7,8,1,4,8,2,5,1,2,5,1,3,2,3,3,4,2,2,5,7,1,2,8,1,2,3,8,4,2,7,1,1,4,2,8,3,3,8,3,8,5,8,8,7
4T1_preedited-5501,-1,-1,-1,-1,-1,-1,8,1,7,2,5,7,4,7,5,1,5,8,1,4,1,8,5,1,2,5,1,2,5,0,3,4,2,-1,-1,-1,-1,-1,-1,1,2,3,8,4,2,7,1,1,4,2,8,3,1,8,-1,-1,-1,8,8,4
4T1_preedited-5505,2,4,2,6,2,1,2,1,7,8,5,8,4,5,5,-1,-1,-1,-1,-1,-1,-1,-1,-1,2,5,1,3,2,3,3,4,2,-1,-1,-1,1,2,6,-1,-1,-1,8,4,2,7,1,1,-1,-1,-1,3,3,8,3,8,5,2,5,0
4T1_preedited-5671,2,4,2,6,2,1,8,1,7,8,5,8,4,5,5,1,7,8,1,4,8,-1,-1,-1,2,5,1,3,2,3,3,4,2,5,5,2,-1,-1,-1,1,2,3,-1,-1,-1,-1,-1,-1,-1,-1,-1,3,3,8,3,8,5,2,5,7
4T1_preedited-5700,2,4,2,6,2,1,8,1,7,8,5,8,4,7,5,1,7,8,2,4,7,8,5,1,2,5,1,1,2,0,3,4,2,5,5,2,1,2,6,2,5,7,8,4,2,7,1,1,4,2,8,3,3,8,3,8,5,2,5,0
4T1_preedited-5713,2,4,2,-1,-1,-1,8,1,7,8,5,8,4,7,5,1,7,8,1,4,8,8,5,1,2,5,1,3,2,3,3,4,2,2,5,2,1,2,6,-1,-1,-1,-1,-1,-1,7,1,7,4,2,8,-1,-1,-1,3,8,5,8,8,4
4T1_preedited-5754,2,4,2,6,2,1,8,1,7,2,5,8,4,7,5,1,7,8,1,4,8,8,5,1,2,5,1,3,2,3,3,4,2,2,5,0,-1,-1,-1,-1,-1,-1,-1,-1,-1,7,1,1,4,2,8,-1,-1,-1,3,8,5,2,5,5
4T1_preedited-5784,-1,-1,-1,-1,-1,-1,8,1,7,8,0,8,2,5,5,1,7,8,1,4,8,2,5,7,2,5,1,3,2,3,1,5,7,5,5,2,1,2,6,1,2,3,-1,-1,-1,-1,-1,-1,-1,-1,-1,3,3,8,3,8,5,-1,-1,-1
4T1_preedited-5804,-1,-1,-1,6,2,1,8,1,7,8,5,8,4,7,5,1,7,8,2,0,7,8,5,1,2,5,1,3,2,3,3,4,2,5,5,2,2,5,6,1,2,3,0,4,7,7,1,1,2,2,8,2,1,8,3,8,5,8,8,4
4T1_preedited-582,2,4,2,-1,-1,-1,8,1,7,8,5,8,4,7,5,2,5,7,1,4,8,-1,-1,-1,-1,-1,-1,3,2,3,3,4,2,5,5,2,-1,-1,-1,1,2,3,5,4,2,7,5,7,4,2,8,-1,-1,-1,3,8,5,2,0,5
4T1_preedited-5831,2,4,2,-1,-1,-1,8,1,7,8,5,8,4,5,7,2,5,7,-1,-1,-1,8,5,1,-1,-1,-1,3,2,3,0,4,2,-1,-1,-1,-1,-1,-1,0,2,3,-1,-1,-1,7,5,1,-1,-1,-1,2,1,8,-1,-1,-1,2,5,7
4T1_preedited-5833,2,4,0,6,2,1,8,1,7,8,5,8,4,7,5,1,7,8,1,4,1,8,5,1,2,5,1,-1,-1,-1,1,0,2,-1,-1,-1,1,2,6,-1,-1,-1,2,4,2,7,1,1,4,2,8,3,3,8,-1,-1,-1,8,0,4
4T1_preedited-5946,2,4,2,6,2,1,2,5,7,2,5,1,5,5,7,1,7,8,2,0,7,8,5,1,2,5,1,-1,-1,-1,-1,-1,-1,2,5,2,1,2,6,-1,-1,-1,2,4,7,7,1,1,-1,-1,-1,3,3,8,0,5,7,2,0,0
4T1_preedited-6020,2,0,7,6,2,1,8,1,7,8,5,8,8,5,5,1,5,1,1,4,8,-1,-1,-1,2,5,1,3,2,3,3,4,2,5,5,2,2,5,5,-1,-1,-1,-1,-1,-1,7,5,1,8,5,8,3,3,8,3,8,5,-1,-1,-1
4T1_preedited-6026,2,5,7,-1,-1,-1,8,1,7,8,5,8,2,5,7,-1,-1,-1,2,4,1,8,5,1,2,5,1,1,2,0,1,4,7,2,5,7,-1,-1,-1,-1,-1,-1,8,4,2,-1,-1,-1,4,2,8,1,5,7,-1,-1,-1,2,5,7
4T1_preedited-6069,2,4,2,-1,-1,-1,8,1,7,8,5,8,4,7,5,2,5,1,1,4,8,8,5,1,-1,-1,-1,3,2,3,1,4,7,5,5,2,1,2,5,-1,-1,-1,2,4,2,7,1,1,4,2,8,3,3,8,3,8,5,8,8,4
4T1_preedited-6070,2,4,0,-1,-1,-1,8,1,7,8,5,8,-1,-1,-1,1,7,8,1,4,8,-1,-1,-1,2,5,1,3,2,3,3,4,2,-1,-1,-1,1,2,6,-1,-1,-1,8,4,2,7,1,1,4,2,8,0,1,1,3,8,5,8,8,7
4T1_preedited-6089,2,4,2,-1,-1,-1,8,1,7,8,5,1,-1,-1,-1,1,7,1,1,4,8,8,5,1,2,5,1,3,2,3,3,4,2,5,5,2,1,2,6,-1,-1,-1,8,4,2,-1,-1,-1,4,2,8,3,1,8,3,8,5,-1,-1,-1
4T1_preedited-6137,2,4,2,6,2,1,8,5,7,8,5,8,4,7,5,1,7,8,1,4,8,8,5,1,2,5,1,3,2,3,3,4,2,-1,-1,-1,-1,-1,-1,1,2,3,8,4,2,7,1,1,4,2,8,3,3,8,3,8,5,8,8,4
4T1_preedited-6154,2,4,2,6,2,1,2,1,7,-1,-1,-1,4,7,5,1,7,8,1,4,8,-1,-1,-1,2,5,1,3,2,3,-1,-1,-1,5,5,2,-1,-1,-1,1,2,3,8,4,2,7,1,1,-1,-1,-1,-1,-1,-1,3,8,5,8,8,0
4T1_preedited-6196,2,4,2,-1,-1,-1,8,1,7,2,5,1,-1,-1,-1,-1,-1,-1,1,4,8,-1,-1,-1,2,5,1,-1,-1,-1,2,4,2,2,5,7,2,5,5,-1,-1,-1,8,4,2,7,1,1,-1,-1,-1,3,3,8,3,0,5,8,8,4
4T1_preedited-6234,2,4,2,6,2,1,8,1,7,8,5,8,4,7,5,1,7,8,1,2,1,8,5,1,2,5,1,3,2,3,3,4,2,-1,-1,-1,1,2,6,1,2,3,8,4,2,7,1,1,4,2,8,3,3,8,3,8,5,8,8,4
4T1_preedited-6239,2,4,7,6,2,1,-1,-1,-1,-1,-1,-1,4,7,5,1,7,8,1,5,7,8,5,1,2,5,1,3,2,3,3,4,2,-1,-1,-1,1,2,6,1,2,3,2,0,2,7,1,1,4,2,8,3,3,8,3,8,5,8,8,4
4T1_preedited-6289,-1,-1,-1,-1,-1,-1,8,1,7,-1,-1,-1,4,7,5,1,7,8,1,4,8,-1,-1,-1,2,5,1,-1,-1,-1,-1,-1,-1,-1,-1,-1,1,2,8,-1,-1,-1,2,0,2,7,5,7,4,2,8,1,3,8,3,8,5,-1,-1,-1
4T1_preedited-6316,2,4,2,6,2,1,-1,-1,-1,8,5,8,4,7,5,1,7,8,1,4,8,8,5,1,2,5,1,3,2,3,3,4,2,2,5,7,-1,-1,-1,-1,-1,-1,8,4,2,7,1,1,4,2,8,3,3,8,3,8,5,8,8,4
4T1_preedited-6320,-1,-1,-1,6,2,1,-1,-1,-1,8,5,8,-1,-1,-1,-1,-1,-1,-1,-1,-1,-1,-1,-1,2,5,1,3,2,3,3,4,2,-1,-1,-1,-1,-1,-1,-1,-1,-1,-1,-1,-1,-1,-1,-1,-1,-1,-1,2,1,7,-1,-1,-1,2,5,7
4T1_preedited-6334,-1,-1,-1,-1,-1,-1,2,1,7,8,5,8,-1,-1,-1,1,7,8,2,5,7,2,5,1,-1,-1,-1,3,2,3,1,0,7,-1,-1,-1,1,2,6,-1,-1,-1,8,4,2,7,1,7,-1,-1,-1,-1,-1,-1,3,8,5,-1,-1,-1
4T1_preedited-6348,2,4,2,6,2,1,8,1,7,2,5,8,4,7,5,1,7,8,1,4,8,8,5,1,2,5,1,3,2,3,3,4,2,2,5,2,1,2,6,1,2,3,-1,-1,-1,7,1,1,-1,-1,-1,3,3,8,1,0,5,8,8,4
4T1_preedited-6373,2,4,2,6,2,1,-1,-1,-1,8,5,8,4,5,5,-1,-1,-1,-1,-1,-1,8,5,1,2,5,1,3,2,3,3,0,2,-1,-1,-1,2,5,7,1,2,3,-1,-1,-1,7,1,1,8,2,7,-1,-1,-1,3,8,5,8,8,4
4T1_preedited-6381,2,4,2,6,2,1,8,1,7,2,5,8,4,7,5,1,7,8,1,4,8,2,5,1,-1,-1,-1,3,2,3,3,4,2,2,5,5,1,2,6,-1,-1,-1,8,4,2,7,1,1,4,2,8,3,3,8,3,8,5,8,5,4
4T1_preedited-6455,2,4,2,2,2,1,-1,-1,-1,8,5,8,4,7,5,2,7,8,1,4,8,8,5,1,2,5,1,3,2,3,3,4,2,2,5,2,-1,-1,-1,1,2,3,-1,-1,-1,7,5,1,4,2,8,3,1,8,3,8,5,8,8,5
4T1_preedited-6471,2,4,2,-1,-1,-1,8,1,7,-1,-1,-1,2,5,7,-1,-1,-1,1,4,8,8,5,1,2,5,7,3,2,3,3,4,2,5,5,2,-1,-1,-1,-1,-1,-1,-1,-1,-1,7,1,1,4,2,8,-1,-1,-1,3,8,5,2,0,4
4T1_preedited-6483,5,4,2,6,2,7,8,1,7,8,5,8,4,7,5,2,5,8,1,4,8,8,5,1,-1,-1,-1,3,2,3,3,4,2,-1,-1,-1,-1,-1,-1,1,2,3,8,4,2,7,1,1,4,2,8,3,3,8,3,8,5,2,8,4
4T1_preedited-6500,-1,-1,-1,-1,-1,-1,8,1,7,8,5,8,0,5,5,2,5,1,1,4,8,8,5,1,-1,-1,-1,3,2,3,3,4,2,2,5,7,1,2,8,-1,-1,-1,8,4,2,-1,-1,-1,-1,-1,-1,-1,-1,-1,3,8,5,8,5,7
4T1_preedited-6506,2,4,2,-1,-1,-1,2,1,7,2,5,8,5,5,5,2,5,7,1,4,8,8,5,1,2,5,1,3,2,3,3,4,2,2,5,2,1,2,6,1,2,3,8,4,2,7,1,1,-1,-1,-1,-1,-1,-1,3,8,5,8,8,4
4T1_preedited-6532,2,4,2,-1,-1,-1,8,1,7,8,5,1,4,5,5,1,7,8,1,4,7,8,5,1,2,5,7,-1,-1,-1,-1,-1,-1,2,5,2,-1,-1,-1,-1,-1,-1,8,4,2,7,1,1,-1,-1,-1,3,3,8,3,8,5,-1,-1,-1
4T1_preedited-6538,2,4,2,6,2,1,2,1,7,8,5,8,4,5,5,1,7,8,1,4,8,8,5,1,2,5,1,3,2,3,3,4,2,5,5,2,2,5,5,1,5,0,2,0,2,7,1,1,2,4,8,3,3,8,-1,-1,-1,8,8,0
4T1_preedited-6540,2,4,2,-1,-1,-1,-1,-1,-1,8,5,8,4,7,5,-1,-1,-1,1,4,8,-1,-1,-1,2,5,1,3,2,3,0,4,0,-1,-1,-1,2,2,8,2,5,0,8,4,2,-1,-1,-1,-1,-1,-1,-1,-1,-1,3,8,5,-1,-1,-1
4T1_preedited-6600,-1,-1,-1,6,2,1,8,1,7,8,5,8,8,5,7,-1,-1,-1,1,4,8,8,5,1,2,5,1,1,5,0,3,4,2,5,5,2,2,5,8,1,2,0,2,0,2,-1,-1,-1,4,2,8,3,1,8,1,0,5,-1,-1,-1
4T1_preedited-6608,-1,-1,-1,6,2,1,8,1,7,8,5,8,-1,-1,-1,1,7,8,2,0,7,8,5,1,2,5,1,3,2,3,3,4,2,-1,-1,-1,1,2,6,1,2,3,8,4,2,7,1,1,4,2,8,3,3,8,3,8,5,8,8,4
4T1_preedited-6692,2,4,2,6,2,1,2,1,7,2,5,8,2,5,5,1,5,8,-1,-1,-1,8,5,1,2,5,1,1,5,7,3,4,7,-1,-1,-1,2,5,8,1,2,3,8,4,2,7,1,1,4,2,8,3,3,8,3,8,5,8,8,4
4T1_preedited-67,2,4,0,-1,-1,-1,8,1,7,2,5,8,2,5,7,2,7,1,-1,-1,-1,8,5,1,2,5,1,3,2,3,-1,-1,-1,-1,-1,-1,2,5,6,2,5,0,-1,-1,-1,2,5,7,2,5,7,3,1,8,1,0,7,8,8,4
4T1_preedited-6721,2,4,0,-1,-1,-1,2,5,7,8,5,8,4,7,5,2,5,7,-1,-1,-1,-1,-1,-1,-1,-1,-1,1,2,0,3,4,2,5,5,2,-1,-1,-1,1,2,3,8,4,2,7,5,1,4,2,8,3,3,8,3,8,5,-1,-1,-1
4T1_preedited-6735,-1,-1,-1,-1,-1,-1,-1,-1,-1,-1,-1,-1,-1,-1,-1,1,7,8,1,4,1,8,5,1,2,5,1,1,0,0,3,4,2,5,5,2,-1,-1,-1,2,2,3,2,0,7,7,1,1,-1,-1,-1,2,1,8,1,5,7,-1,-1,-1
4T1_preedited-6742,2,4,2,-1,-1,-1,8,1,7,8,5,8,5,5,7,-1,-1,-1,1,4,8,8,5,1,-1,-1,-1,3,2,3,3,4,2,-1,-1,-1,1,5,8,-1,-1,-1,8,4,7,7,1,7,4,2,8,2,1,1,-1,-1,-1,8,8,4
4T1_preedited-6829,2,4,2,6,2,1,2,1,7,8,5,8,4,7,5,1,7,8,1,4,8,8,5,1,2,5,1,1,2,0,3,4,2,2,5,7,1,2,6,1,2,3,8,4,2,7,1,1,4,2,8,3,3,8,3,5,5,2,5,5
4T1_preedited-6898,2,4,2,6,2,1,8,5,7,8,5,8,8,5,7,1,7,8,1,4,8,-1,-1,-1,-1,-1,-1,-1,-1,-1,2,5,7,5,5,2,1,2,6,-1,-1,-1,2,4,2,7,5,1,4,2,8,3,1,8,3,8,5,2,0,7
4T1_preedited-6900,2,4,2,-1,-1,-1,8,1,7,8,5,8,4,7,5,1,7,1,1,4,8,8,5,1,2,5,1,1,2,3,3,4,2,5,5,2,-1,-1,-1,2,2,3,8,4,2,7,1,1,-1,-1,-1,-1,-1,-1,3,8,5,8,0,0
4T1_preedited-6933,2,4,2,-1,-1,-1,8,5,7,8,5,8,4,7,5,-1,-1,-1,1,5,8,8,5,1,-1,-1,-1,-1,-1,-1,3,4,2,-1,-1,-1,1,2,6,1,2,3,-1,-1,-1,7,1,1,4,2,8,3,3,8,3,8,5,8,8,4
4T1_preedited-6948,2,4,2,6,2,1,8,1,7,8,5,8,4,5,5,1,7,8,1,4,8,8,5,1,2,5,1,-1,-1,-1,-1,-1,-1,5,5,2,0,0,6,-1,-1,-1,8,4,2,7,1,7,-1,-1,-1,3,3,8,3,8,5,8,8,4
4T1_preedited-6958,2,4,7,6,2,1,8,1,7,8,5,8,4,7,5,1,7,8,1,4,8,8,5,1,2,5,1,3,2,3,3,4,2,5,5,2,1,2,8,1,2,3,8,4,2,2,5,1,4,2,8,0,1,1,3,8,5,-1,-1,-1
4T1_preedited-7052,2,4,2,6,2,1,8,1,7,8,5,8,4,7,5,1,5,7,1,4,8,2,5,1,2,5,1,3,2,3,3,4,2,2,5,2,1,2,6,1,2,3,8,0,2,7,1,1,4,2,8,3,3,8,3,8,5,2,0,7
4T1_preedited-7085,-1,-1,-1,-1,-1,-1,-1,-1,-1,8,5,8,4,7,5,1,7,8,1,0,7,0,5,1,-1,-1,-1,-1,-1,-1,1,4,2,5,5,2,1,2,6,-1,-1,-1,-1,-1,-1,-1,-1,-1,-1,-1,-1,-1,-1,-1,1,5,5,-1,-1,-1
4T1_preedited-7092,2,4,2,6,2,1,8,1,7,8,5,8,4,7,5,2,7,8,1,4,8,8,5,1,2,5,1,3,2,3,3,4,2,-1,-1,-1,1,2,6,1,2,3,8,4,2,7,1,1,8,2,8,-1,-1,-1,3,8,5,2,5,5
4T1_preedited-7108,2,5,7,6,2,1,8,1,7,8,5,8,8,4,5,1,7,1,1,4,8,-1,-1,-1,2,5,1,3,2,3,3,4,2,-1,-1,-1,1,2,6,1,2,3,8,4,2,-1,-1,-1,4,2,8,3,3,8,3,8,5,8,8,4
4T1_preedited-7141,2,4,2,6,2,1,-1,-1,-1,-1,-1,-1,4,7,5,1,7,8,1,4,8,8,5,1,2,5,1,3,2,3,3,4,2,2,5,7,-1,-1,-1,1,2,3,8,4,2,7,1,1,4,2,8,3,3,8,1,0,5,8,8,4
4T1_preedited-7167,2,4,7,6,2,1,-1,-1,-1,-1,-1,-1,4,7,5,1,5,1,1,4,8,8,5,1,2,5,1,3,2,3,3,4,2,5,5,2,-1,-1,-1,1,2,3,-1,-1,-1,-1,-1,-1,-1,-1,-1,3,3,8,-1,-1,-1,-1,-1,-1
4T1_preedited-7171,2,4,2,-1,-1,-1,8,1,7,8,5,8,2,7,7,1,7,8,1,4,1,8,5,1,2,5,1,-1,-1,-1,3,4,2,5,5,2,1,2,6,1,2,3,-1,-1,-1,7,1,1,4,2,8,3,3,8,-1,-1,-1,2,0,5
4T1_preedited-7173,2,0,2,6,2,1,8,1,7,8,5,8,2,7,5,1,7,1,1,4,1,8,5,1,2,5,1,3,2,3,1,4,2,5,5,2,1,2,6,1,2,3,-1,-1,-1,7,1,1,-1,-1,-1,-1,-1,-1,3,8,5,8,8,4
4T1_preedited-7177,2,4,2,-1,-1,-1,2,5,7,8,5,8,2,7,5,1,7,8,1,4,8,8,5,1,2,5,7,1,2,3,3,4,2,5,5,2,1,2,6,1,2,3,2,4,2,7,1,1,4,2,8,3,3,8,3,8,5,8,8,4
4T1_preedited-7184,2,4,2,-1,-1,-1,2,1,7,8,5,1,4,7,5,1,7,8,1,4,8,8,5,1,2,5,1,1,2,7,3,4,2,2,5,7,-1,-1,-1,-1,-1,-1,2,4,7,7,1,1,4,2,8,-1,-1,-1,2,0,7,8,8,4
4T1_preedited-7251,2,4,7,-1,-1,-1,8,1,7,8,5,1,2,5,7,-1,-1,-1,-1,-1,-1,8,5,1,-1,-1,-1,-1,-1,-1,-1,-1,-1,-1,-1,-1,1,2,8,2,0,0,-1,-1,-1,-1,-1,-1,4,2,8,3,3,8,-1,-1,-1,2,0,5
4T1_preedited-7375,2,4,7,6,2,1,8,1,7,-1,-1,-1,2,5,5,1,7,8,1,4,8,8,5,1,-1,-1,-1,3,2,3,3,4,0,5,0,7,1,2,6,1,2,3,8,4,2,7,1,1,4,2,8,-1,-1,-1,0,5,7,8,8,4
4T1_preedited-7379,2,4,2,-1,-1,-1,8,1,7,8,5,7,4,7,5,2,5,7,-1,-1,-1,-1,-1,-1,-1,-1,-1,2,2,0,3,4,2,5,5,2,-1,-1,-1,1,2,3,8,4,2,7,5,1,-1,-1,-1,1,5,1,1,5,7,2,0,5
4T1_preedited-7380,2,4,2,-1,-1,-1,8,1,7,8,5,8,0,5,7,1,7,8,1,4,8,8,5,1,2,5,1,3,2,3,0,4,7,-1,-1,-1,1,2,6,1,2,3,8,4,7,7,1,1,-1,-1,-1,2,1,1,3,8,5,2,5,5
4T1_preedited-7387,2,0,7,-1,-1,-1,8,1,7,8,5,8,-1,-1,-1,1,7,8,1,4,8,2,5,1,2,5,1,-1,-1,-1,-1,-1,-1,5,5,2,1,2,6,1,2,3,2,4,2,-1,-1,-1,4,2,8,2,3,8,-1,-1,-1,8,0,0
4T1_preedited-7402,2,4,2,-1,-1,-1,8,1,7,8,5,8,4,5,5,1,7,8,1,4,8,8,5,1,2,5,1,3,2,3,3,4,2,5,5,7,1,2,6,1,2,3,8,4,2,7,1,1,4,2,8,3,3,8,3,8,5,8,8,4
4T1_preedited-7460,2,4,2,6,2,1,2,5,7,8,5,8,4,7,5,1,7,8,1,4,1,8,5,1,-1,-1,-1,3,2,3,3,4,2,-1,-1,-1,1,2,6,1,2,3,8,4,2,7,1,1,4,2,8,3,3,8,-1,-1,-1,8,8,4
4T1_preedited-760,2,4,2,6,2,1,-1,-1,-1,8,5,8,5,5,7,-1,-1,-1,1,4,8,8,5,1,2,5,1,3,2,3,3,4,2,-1,-1,-1,1,2,6,-1,-1,-1,-1,-1,-1,7,5,7,4,2,8,-1,-1,-1,1,5,7,2,5,7
4T1_preedited-7602,2,4,2,6,2,1,2,1,7,8,5,8,4,7,5,1,7,8,1,4,8,8,5,1,2,5,1,-1,-1,-1,3,4,2,5,5,2,1,2,6,-1,-1,-1,8,4,2,7,1,1,4,2,8,-1,-1,-1,3,8,5,2,5,5
4T1_preedited-772,2,4,2,7,2,1,8,5,7,8,5,8,-1,-1,-1,2,5,8,1,4,8,8,5,1,2,5,1,3,2,3,2,4,7,5,5,2,1,2,6,1,2,3,8,4,2,7,1,1,4,2,8,3,3,8,3,8,5,2,5,0
4T1_preedited-775,-1,-1,-1,-1,-1,-1,8,5,7,8,5,8,-1,-1,-1,1,7,8,1,4,8,-1,-1,-1,2,5,1,2,2,3,3,4,7,5,5,2,1,2,6,-1,-1,-1,-1,-1,-1,7,5,1,4,2,8,3,3,8,3,8,5,8,8,4
4T1_preedited-7751,2,4,2,6,2,1,2,5,7,8,5,8,4,7,5,1,5,8,1,4,8,8,5,1,2,5,1,3,2,3,3,4,2,-1,-1,-1,1,2,6,-1,-1,-1,8,4,2,7,1,1,4,2,8,3,3,8,3,8,5,8,8,4
4T1_preedited-7845,2,4,2,6,2,1,8,1,7,2,5,8,4,7,5,1,7,8,1,4,8,8,5,1,2,5,1,3,2,3,3,4,2,5,5,2,1,2,6,1,2,3,8,4,2,7,1,1,4,2,8,3,3,8,-1,-1,-1,8,8,4
4T1_preedited-7868,2,4,2,6,2,1,-1,-1,-1,2,5,7,4,7,5,1,7,8,1,4,8,2,5,5,2,5,1,3,2,3,3,4,2,-1,-1,-1,1,2,8,-1,-1,-1,-1,-1,-1,7,1,1,4,2,8,1,1,8,3,8,5,8,8,4
4T1_preedited-7872,2,0,2,6,2,1,-1,-1,-1,-1,-1,-1,-1,-1,-1,-1,-1,-1,1,4,8,8,5,1,-1,-1,-1,2,5,0,1,0,2,5,5,2,-1,-1,-1,1,2,3,-1,-1,-1,-1,-1,-1,4,2,8,3,3,8,-1,-1,-1,2,0,5
4T1_preedited-7877,2,4,2,6,2,1,-1,-1,-1,8,5,8,8,7,5,1,5,8,1,4,8,-1,-1,-1,-1,-1,-1,3,2,3,3,4,2,2,5,7,2,5,8,1,2,3,8,4,2,-1,-1,-1,4,2,8,1,1,8,3,8,5,8,5,1
4T1_preedited-7884,2,4,2,6,2,1,-1,-1,-1,-1,-1,-1,-1,-1,-1,2,7,7,1,4,8,-1,-1,-1,-1,-1,-1,3,2,3,3,4,2,5,5,2,1,2,6,1,2,3,-1,-1,-1,2,5,1,4,2,8,3,3,8,3,8,5,0,5,5
4T1_preedited-7908,2,4,2,-1,-1,-1,8,1,7,2,5,1,4,7,5,-1,-1,-1,1,4,8,8,5,1,2,5,1,2,5,7,3,4,2,5,5,2,1,2,6,2,5,7,8,4,2,7,1,1,4,2,8,3,3,8,3,8,5,8,8,4
4T1_preedited-8037,-1,-1,-1,-1,-1,-1,2,5,7,8,5,8,4,5,5,1,1,8,1,4,8,-1,-1,-1,2,5,1,-1,-1,-1,3,4,2,5,5,2,1,2,8,-1,-1,-1,8,4,2,7,1,1,4,2,8,-1,-1,-1,6,5,5,8,8,4
4T1_preedited-808,2,4,0,6,2,1,-1,-1,-1,8,5,1,-1,-1,-1,-1,-1,-1,2,5,8,-1,-1,-1,-1,-1,-1,3,2,3,-1,-1,-1,-1,-1,-1,2,5,7,1,2,3,0,0,2,7,1,1,4,2,8,3,3,8,3,8,5,-1,-1,-1
4T1_preedited-8086,2,4,2,6,2,1,8,1,7,2,5,7,5,5,7,1,7,8,2,4,1,2,5,1,2,5,1,3,2,3,2,4,2,5,5,2,2,2,8,1,2,3,8,4,2,7,5,1,5,2,8,3,3,8,3,8,5,8,7,4
4T1_preedited-8235,2,4,2,-1,-1,-1,-1,-1,-1,8,5,8,-1,-1,-1,1,7,8,1,4,8,-1,-1,-1,-1,-1,-1,1,2,0,3,4,2,5,5,2,-1,-1,-1,-1,-1,-1,-1,-1,-1,7,5,1,4,2,8,-1,-1,-1,-1,-1,-1,8,8,4
4T1_preedited-8286,2,4,2,2,2,1,8,5,7,8,5,1,-1,-1,-1,2,5,7,2,4,8,2,5,1,2,5,7,3,2,3,3,4,2,2,5,2,1,2,6,-1,-1,-1,-1,-1,-1,7,1,1,4,2,8,-1,-1,-1,3,8,5,2,5,0
4T1_preedited-8307,2,4,2,6,2,1,8,1,7,2,5,1,8,7,7,1,7,8,1,4,8,8,5,1,7,5,1,3,2,3,3,4,2,5,5,2,-1,-1,-1,1,2,3,8,4,2,-1,-1,-1,4,2,8,3,3,8,3,8,5,8,0,5
4T1_preedited-8311,2,4,2,6,2,1,8,1,7,8,5,8,4,5,5,1,7,8,1,4,8,8,5,1,2,5,1,3,2,3,3,4,2,5,5,2,1,2,6,1,2,3,2,0,8,7,1,1,4,2,8,3,3,8,3,8,5,8,8,4
4T1_preedited-8328,2,4,2,6,2,1,8,5,7,8,5,8,-1,-1,-1,1,7,8,1,4,8,8,5,1,2,5,1,3,2,3,3,0,2,-1,-1,-1,-1,-1,-1,1,2,3,2,0,2,7,1,1,4,2,8,3,3,8,3,8,5,8,8,4
4T1_preedited-8335,2,4,2,-1,-1,-1,2,5,7,8,5,8,4,7,5,1,7,8,1,4,8,-1,-1,-1,2,5,1,3,2,3,3,4,2,5,5,2,1,2,6,-1,-1,-1,8,4,2,7,1,1,4,2,8,3,3,8,3,8,5,8,8,4
4T1_preedited-8348,2,4,2,6,2,1,8,1,7,8,5,8,4,7,5,1,7,8,1,4,8,8,5,1,2,5,1,3,2,3,3,4,2,-1,-1,-1,1,2,6,1,2,3,8,4,2,-1,-1,-1,4,2,8,3,3,8,2,8,5,8,8,4
4T1_preedited-8354,2,4,2,6,2,1,8,1,7,8,5,8,4,7,5,1,4,8,1,4,8,8,5,1,2,5,1,3,2,3,3,4,2,2,5,7,1,2,6,1,2,3,-1,-1,-1,7,1,1,4,2,8,3,3,8,3,8,5,2,0,5
4T1_preedited-8365,-1,-1,-1,-1,-1,-1,8,1,7,8,5,8,4,7,5,1,7,8,1,4,8,3,3,2,2,5,1,3,2,3,-1,-1,-1,-1,-1,-1,2,2,6,-1,-1,-1,-1,-1,-1,-1,-1,-1,4,2,8,-1,-1,-1,3,8,5,8,0,0
4T1_preedited-8369,2,4,2,6,2,1,8,1,7,8,5,8,4,5,5,-1,-1,-1,1,4,8,2,5,7,2,5,1,3,2,3,3,4,2,-1,-1,-1,-1,-1,-1,-1,-1,-1,-1,-1,-1,7,1,1,4,2,8,3,3,8,3,8,5,8,8,4
4T1_preedited-8379,2,4,2,6,2,6,2,5,7,8,5,8,4,7,5,1,7,8,2,0,7,8,5,1,2,5,1,3,2,3,1,4,2,2,5,7,-1,-1,-1,1,2,3,8,4,2,7,1,1,2,5,1,3,3,8,-1,-1,-1,8,8,4
4T1_preedited-8388,2,4,2,6,2,1,8,1,7,-1,-1,-1,4,5,5,2,5,7,1,4,8,-1,-1,-1,2,5,1,-1,-1,-1,3,4,0,2,5,7,-1,-1,-1,1,2,3,8,4,2,-1,-1,-1,-1,-1,-1,3,3,8,-1,-1,-1,8,8,7
4T1_preedited-8389,2,4,2,-1,-1,-1,8,1,7,8,5,8,4,5,5,1,7,8,1,0,7,8,5,1,2,5,1,2,2,0,3,4,2,5,5,7,1,2,8,1,2,3,-1,-1,-1,7,1,1,-1,-1,-1,3,3,8,3,8,5,-1,-1,-1
4T1_preedited-8395,-1,-1,-1,-1,-1,-1,-1,-1,-1,8,5,8,4,7,5,-1,-1,-1,-1,-1,-1,8,5,1,2,5,1,3,2,3,3,4,2,-1,-1,-1,1,2,8,-1,-1,-1,-1,-1,-1,-1,-1,-1,4,2,8,-1,-1,-1,3,8,5,8,8,4
4T1_preedited-8400,-1,-1,-1,6,2,1,-1,-1,-1,2,5,1,0,5,5,1,7,8,1,4,8,8,5,1,2,5,1,3,2,3,-1,-1,-1,2,5,7,2,5,7,1,2,3,-1,-1,-1,7,1,1,4,2,8,3,1,8,3,8,5,8,8,4
4T1_preedited-8402,-1,-1,-1,-1,-1,-1,8,1,7,2,5,8,-1,-1,-1,1,7,8,1,4,7,-1,-1,-1,2,5,1,3,2,3,3,4,7,5,5,2,1,2,6,-1,-1,-1,-1,-1,-1,7,1,1,-1,-1,-1,-1,-1,-1,-1,-1,-1,2,0,0
4T1_preedited-8440,2,4,7,-1,-1,-1,-1,-1,-1,8,5,8,4,7,5,1,7,8,1,4,8,-1,-1,-1,-1,-1,-1,3,2,3,3,4,2,5,5,2,1,2,6,5,2,0,5,4,7,-1,-1,-1,-1,-1,-1,-1,-1,-1,3,8,5,8,8,4
4T1_preedited-8471,2,4,4,-1,-1,-1,8,1,7,8,5,8,4,7,5,-1,-1,-1,-1,-1,-1,-1,-1,-1,-1,-1,-1,3,2,3,-1,-1,-1,-1,-1,-1,-1,-1,-1,1,2,3,8,4,2,-1,-1,-1,4,2,8,-1,-1,-1,-1,-1,-1,-1,-1,-1
4T1_preedited-8475,2,4,2,-1,-1,-1,8,4,7,5,5,8,4,7,5,-1,-1,-1,1,4,8,8,5,1,2,5,1,-1,-1,-1,3,4,2,-1,-1,-1,1,2,6,-1,-1,-1,8,4,2,7,1,1,-1,-1,-1,-1,-1,-1,3,8,5,-1,-1,-1
4T1_preedited-8557,2,4,7,-1,-1,-1,-1,-1,-1,8,5,8,-1,-1,-1,-1,-1,-1,-1,-1,-1,-1,-1,-1,-1,-1,-1,3,2,3,-1,-1,-1,-1,-1,-1,2,5,8,-1,-1,-1,-1,-1,-1,-1,-1,-1,2,0,1,-1,-1,-1,3,8,7,2,0,5
4T1_preedited-8611,2,4,2,6,2,1,8,1,7,8,5,8,5,5,7,1,7,8,-1,-1,-1,8,5,1,2,5,1,-1,-1,-1,2,5,7,5,5,2,1,2,6,1,2,3,8,4,2,7,1,1,4,2,8,1,3,8,-1,-1,-1,8,5,4
4T1_preedited-8623,2,4,2,-1,-1,-1,-1,-1,-1,2,5,8,4,7,5,1,7,1,1,4,8,8,5,1,2,5,1,-1,-1,-1,-1,-1,-1,2,5,2,1,2,6,-1,-1,-1,2,4,2,-1,-1,-1,-1,-1,-1,2,1,1,3,8,5,2,0,0
4T1_preedited-8643,2,4,2,-1,-1,-1,8,5,7,-1,-1,-1,4,5,7,2,5,1,2,0,1,-1,-1,-1,2,5,1,3,2,0,1,0,2,2,5,7,1,2,6,1,2,3,2,4,2,7,1,1,-1,-1,-1,-1,-1,-1,3,8,5,-1,-1,-1
4T1_preedited-8644,2,4,2,6,2,1,8,1,7,-1,-1,-1,4,7,5,-1,-1,-1,1,4,8,8,5,1,2,5,1,3,2,3,3,4,2,2,5,2,2,5,8,1,2,3,8,4,2,7,1,1,5,2,8,3,3,8,3,8,5,8,8,4
